Name,Q2-2024,Q1-2024,Q4-2023,-2023,Q4-2022,Q2-2022,Q1-2022,Q4-2021,Q2-2021,Q1-2021,Q4-2020,Q2-2020,Q1-2020,Q4-2019,Q2-2019,Q1-2019,-
july 12023 share-based compensation expense,2869.0,,,,,,,,,,,,,,,,
july 12023 income tax benefit related to share-based compensation expense,-764.0,,,,,,,,,,,,,,,,
americas: net sales,37678.0,,,,,,,,,,,,,,,,
americas: operating income,15209.0,,,,,,,,,,,,,,,,
europe: net sales,21884.0,,,,,,,,,,,,,,,,
europe: operating income,9170.0,,,,,,,,,,,,,,,,
greater china: net sales,14728.0,,,,,,,,,,,,,,,,
greater china: operating income,5562.0,,,,,,,,,,,,,,,,
japan: net sales,5097.0,,,,,,,,,,,,,,,,
japan: operating income,2544.0,,,,,,,,,,,,,,,,
rest of asia pacific: net sales,6390.0,,,,,,,,,,,,,,,,
rest of asia pacific: operating income,2610.0,,,,,,,,,,,,,,,,
july 12023 segment operating income,35095.0,,,,,,,,,,,,,,,,
july 12023 research and development expense,-8006.0,,,,,,,,,,,,,,,,
july 12023 other corporate expenses net,-1737.0,,,,,,,,,,,,,,,,
july 12023 total operating income,25352.0,,,,,,,,,,,,,,,,
11 visionos™ 2 and tvos ®,18.0,,,,,,,,,,,,,,,,
net sales by reportable segment: americas,37678.0,,,,,,,,,,,,,,,,
net sales by reportable segment: %,125381.0,,,,,,,,,,,,,,,,
% europe,21884.0,,,,,,,,,,,,,,,,
% %,76404.0,,,,,,,,,,,,,,,,
% greater china,14728.0,,,,,,,,,,,,,,,,
% %,51919.0,,,,,,,,,,,,,,,,
% japan,5097.0,,,,,,,,,,,,,,,,
% %,19126.0,,,,,,,,,,,,,,,,
% rest of asia pacific,6390.0,,,,,,,,,,,,,,,,
% %,23275.0,,,,,,,,,,,,,,,,
% total net sales,85777.0,,,,,,,,,,,,,,,,
% %,296105.0,,,,,,,,,,,,,,,,
net sales by category: iphone,39296.0,,,,,,,,,,,,,,,,
net sales by category: %,154961.0,,,,,,,,,,,,,,,,
% mac,7009.0,,,,,,,,,,,,,,,,
% %,22240.0,,,,,,,,,,,,,,,,
% ipad,7162.0,,,,,,,,,,,,,,,,
% %,19744.0,,,,,,,,,,,,,,,,
% wearables home and accessories,8097.0,,,,,,,,,,,,,,,,
% %,27963.0,,,,,,,,,,,,,,,,
% services,24213.0,,,,,,,,,,,,,,,,
% %,71197.0,,,,,,,,,,,,,,,,
% total net sales,85777.0,,,,,,,,,,,,,,,,
% %,296105.0,,,,,,,,,,,,,,,,
gross margin: products,21761.0,,,,,,,,,,,,,,,,
gross margin: services,17917.0,,,,,,,,,,,,,,,,
gross margin: total gross margin,39678.0,,,,,,,,,,,,,,,,
gross margin percentage: products,35.3,,,,,,,,,,,,,,,,
gross margin percentage: %,35.4,,,,,,,,,,,,,,,,
gross margin percentage: %,37.5,,,,,,,,,,,,,,,,
gross margin percentage: %,36.5,,,,,,,,,,,,,,,,
% services,74.0,,,,,,,,,,,,,,,,
% %,70.5,,,,,,,,,,,,,,,,
% %,73.8,,,,,,,,,,,,,,,,
% %,70.8,,,,,,,,,,,,,,,,
% total gross margin percentage,46.3,,,,,,,,,,,,,,,,
% %,44.5,,,,,,,,,,,,,,,,
% %,46.2,,,,,,,,,,,,,,,,
% %,43.8,,,,,,,,,,,,,,,,
july 12023 research and development,8006.0,,,,,,,,,,,,,,,,
july 12023 percentage of total net sales,9.0,,,,,,,,,,,,,,,,
july 12023 %,9.0,,,,,,,,,,,,,,,,
july 12023 %,8.0,,,,,,,,,,,,,,,,
july 12023 %,8.0,,,,,,,,,,,,,,,,
% selling general and administrative,6320.0,,,,,,,,,,,,,,,,
% percentage of total net sales,7.0,,,,,,,,,,,,,,,,
% %,7.0,,,,,,,,,,,,,,,,
% %,7.0,,,,,,,,,,,,,,,,
% %,6.0,,,,,,,,,,,,,,,,
% total operating expenses,14326.0,,,,,,,,,,,,,,,,
% percentage of total net sales,17.0,,,,,,,,,,,,,,,,
% %,16.0,,,,,,,,,,,,,,,,
% %,15.0,,,,,,,,,,,,,,,,
% %,14.0,,,,,,,,,,,,,,,,
july 12023 provision for income taxes,4046.0,,,,,,,,,,,,,,,,
july 12023 effective tax rate,15.9,,,,,,,,,,,,,,,,
july 12023 %,12.5,,,,,,,,,,,,,,,,
july 12023 %,15.8,,,,,,,,,,,,,,,,
july 12023 %,14.6,,,,,,,,,,,,,,,,
% statutory federal income tax rate,21.0,,,,,,,,,,,,,,,,
% %,21.0,,,,,,,,,,,,,,,,
% %,21.0,,,,,,,,,,,,,,,,
% %,21.0,,,,,,,,,,,,,,,,
march 31 2024 to may 4 2024: open market and privately negotiated purchases,45690.0,,,,,,,,,,,,,,,,
may 5 2024 to june 1 2024: open market and privately negotiated purchases,51729.0,,,,,,,,,,,,,,,,
june 2 2024 to june 29 2024: open market and privately negotiated purchases,41354.0,,,,,,,,,,,,,,,,
june 2 2024 to june 29 2024: total,138773.0,,,,,,,,,,,,,,,,
december 31 2023 to february 3 2024: open market and privately negotiated purchases,,40119.0,,,,,,,,,,,,,,,
february 4 2024 to march 2 2024: open market and privately negotiated purchases,,40120.0,,,,,,,,,,,,,,,
march 3 2024 to march 30 2024: open market and privately negotiated purchases,,50053.0,,,,,,,,,,,,,,,
march 3 2024 to march 30 2024: total,,130292.0,,,,,,,,,,,,,,,
october 1 2023 to november 4 2023: august 2023 asrs,,,6498.0,,,,,,,,,,,,,,
october 1 2023 to november 4 2023: open market and privately negotiated purchases,,,45970.0,,,,,,,,,,,,,,
november 5 2023 to december 2 2023: open market and privately negotiated purchases,,,33797.0,,,,,,,,,,,,,,
december 3 2023 to december 30 2023: open market and privately negotiated purchases,,,31782.0,,,,,,,,,,,,,,
december 3 2023 to december 30 2023: total,,,118047.0,,,,,,,,,,,,,,
december 3 2023 to december 30 2023: as of december 30 2023 the company was authorized by the board of directors to purchase up to $90 billion of the company’s common stock under a share repurchase program announced on may 4 2023 of which $36.4 billion had been utilized. the program does not obligate the company to acquire a minimum amount of shares. under the program shares may be repurchased in privately negotiated or open market transactions including under plans complying with rule 10b5-1 under the exchange act.,,,-2.0,,,,,,,,,,,,,,
june 252022 share-based compensation expense,,,,2617.0,,,,,,,,,,,,,
june 252022 income tax benefit related to share-based compensation expense,,,,-993.0,,,,,,,,,,,,,
the company has entered into certain off–balance sheet commitments that require the future purchase of goods or services -“unconditional purchase obligations”. the company’s unconditional purchase obligations primarily consist of supplier arrangements licensed intellectual property and content and distribution rights. future payments under noncancelable unconditional purchase obligations with a remaining term in excess of one year as of july 1 2023 are as follows -in millions: 2023 -remaining three months,,,,1260.0,,,,,,,,,,,,,
the company has entered into certain off–balance sheet commitments that require the future purchase of goods or services -“unconditional purchase obligations”. the company’s unconditional purchase obligations primarily consist of supplier arrangements licensed intellectual property and content and distribution rights. future payments under noncancelable unconditional purchase obligations with a remaining term in excess of one year as of july 1 2023 are as follows -in millions: thereafter,,,,8198.0,,,,,,,,,,,,,
the company has entered into certain off–balance sheet commitments that require the future purchase of goods or services -“unconditional purchase obligations”. the company’s unconditional purchase obligations primarily consist of supplier arrangements licensed intellectual property and content and distribution rights. future payments under noncancelable unconditional purchase obligations with a remaining term in excess of one year as of july 1 2023 are as follows -in millions: total,,,,18957.0,,,,,,,,,,,,,
americas: net sales,,,,35383.0,,,,,,,,,,,,,
americas: operating income,,,,13117.0,,,,,,,,,,,,,
europe: net sales,,,,20205.0,,,,,,,,,,,,,
europe: operating income,,,,7995.0,,,,,,,,,,,,,
greater china: net sales,,,,15758.0,,,,,,,,,,,,,
greater china: operating income,,,,6207.0,,,,,,,,,,,,,
japan: net sales,,,,4821.0,,,,,,,,,,,,,
japan: operating income,,,,2443.0,,,,,,,,,,,,,
rest of asia pacific: net sales,,,,5630.0,,,,,,,,,,,,,
rest of asia pacific: operating income,,,,2328.0,,,,,,,,,,,,,
june 252022 segment operating income,,,,32090.0,,,,,,,,,,,,,
june 252022 research and development expense,,,,-7442.0,,,,,,,,,,,,,
june 252022 other corporate expenses net,,,,-1650.0,,,,,,,,,,,,,
june 252022 total operating income,,,,22998.0,,,,,,,,,,,,,
net sales by reportable segment: americas,,,,35383.0,,,,,,,,,,,,,
net sales by reportable segment: %,,,,122445.0,,,,,,,,,,,,,
% europe,,,,20205.0,,,,,,,,,,,,,
% %,,,,71831.0,,,,,,,,,,,,,
% greater china,,,,15758.0,,,,,,,,,,,,,
% %,,,,57475.0,,,,,,,,,,,,,
% japan,,,,4821.0,,,,,,,,,,,,,
% %,,,,18752.0,,,,,,,,,,,,,
% rest of asia pacific,,,,5630.0,,,,,,,,,,,,,
% %,,,,23284.0,,,,,,,,,,,,,
% total net sales,,,,81797.0,,,,,,,,,,,,,
% %,,,,293787.0,,,,,,,,,,,,,
net sales by category: iphone,,,,39669.0,,,,,,,,,,,,,
net sales by category: %,,,,156778.0,,,,,,,,,,,,,
% mac,,,,6840.0,,,,,,,,,,,,,
% %,,,,21743.0,,,,,,,,,,,,,
% ipad,,,,5791.0,,,,,,,,,,,,,
% %,,,,21857.0,,,,,,,,,,,,,
% wearables home and accessories,,,,8284.0,,,,,,,,,,,,,
% %,,,,30523.0,,,,,,,,,,,,,
% services,,,,21213.0,,,,,,,,,,,,,
% %,,,,62886.0,,,,,,,,,,,,,
% total net sales,,,,81797.0,,,,,,,,,,,,,
% %,,,,293787.0,,,,,,,,,,,,,
gross margin: products,,,,21448.0,,,,,,,,,,,,,
gross margin: services,,,,14965.0,,,,,,,,,,,,,
gross margin: total gross margin,,,,36413.0,,,,,,,,,,,,,
gross margin percentage: products,,,,35.4,,,,,,,,,,,,,
gross margin percentage: %,,,,34.5,,,,,,,,,,,,,
gross margin percentage: %,,,,36.5,,,,,,,,,,,,,
gross margin percentage: %,,,,36.8,,,,,,,,,,,,,
% services,,,,70.5,,,,,,,,,,,,,
% %,,,,71.5,,,,,,,,,,,,,
% %,,,,70.8,,,,,,,,,,,,,
% %,,,,72.2,,,,,,,,,,,,,
% total gross margin percentage,,,,44.5,,,,,,,,,,,,,
% %,,,,43.3,,,,,,,,,,,,,
% %,,,,43.8,,,,,,,,,,,,,
% %,,,,43.6,,,,,,,,,,,,,
june 252022 research and development,,,,7442.0,,,,,,,,,,,,,
june 252022 percentage of total net sales,,,,9.0,,,,,,,,,,,,,
june 252022 %,,,,8.0,,,,,,,,,,,,,
june 252022 %,,,,8.0,,,,,,,,,,,,,
june 252022 %,,,,6.0,,,,,,,,,,,,,
% selling general and administrative,,,,5973.0,,,,,,,,,,,,,
% percentage of total net sales,,,,7.0,,,,,,,,,,,,,
% %,,,,7.0,,,,,,,,,,,,,
% %,,,,6.0,,,,,,,,,,,,,
% %,,,,6.0,,,,,,,,,,,,,
% total operating expenses,,,,13415.0,,,,,,,,,,,,,
% percentage of total net sales,,,,16.0,,,,,,,,,,,,,
% %,,,,15.0,,,,,,,,,,,,,
% %,,,,14.0,,,,,,,,,,,,,
% %,,,,13.0,,,,,,,,,,,,,
june 252022 provision for income taxes,,,,2852.0,,,,,,,,,,,,,
june 252022 effective tax rate,,,,12.5,,,,,,,,,,,,,
june 252022 %,,,,15.7,,,,,,,,,,,,,
june 252022 %,,,,14.6,,,,,,,,,,,,,
june 252022 %,,,,16.3,,,,,,,,,,,,,
% statutory federal income tax rate,,,,21.0,,,,,,,,,,,,,
% %,,,,21.0,,,,,,,,,,,,,
% %,,,,21.0,,,,,,,,,,,,,
% %,,,,21.0,,,,,,,,,,,,,
april 2 2023 to may 6 2023: open market and privately negotiated purchases,,,,38121.0,,,,,,,,,,,,,
may 7 2023 to june 3 2023: open market and privately negotiated purchases,,,,21876.0,,,,,,,,,,,,,
june 4 2023 to july 1 2023: open market and privately negotiated purchases,,,,42676.0,,,,,,,,,,,,,
june 4 2023 to july 1 2023: total,,,,102673.0,,,,,,,,,,,,,
exhibit filing date/period end date,,,,4.1,,,,,,,,,,,,,
officer’s certificate of the registrant dated as of may 10 2023 including forms of global notes representing the 4.421% notes due 2026 4.000% notes due 2028 4.150% notes due 2030 4.300% notes due 2033 and 4.850% notes due 2053. 8-k,,,,4.1,,,,,,,,,,,,,
march 262022 share-based compensation expense,,,,2686.0,,,,,,,,,,,,,
march 262022 income tax benefit related to share-based compensation expense,,,,-620.0,,,,,,,,,,,,,
the company has entered into certain off–balance sheet commitments that require the future purchase of goods or services -“unconditional purchase obligations”. the company’s unconditional purchase obligations primarily consist of supplier arrangements licensed content and distribution rights. future payments under noncancelable unconditional purchase obligations with a remaining term in excess of one year as of april 1 2023 are as follows -in millions: 2023 -remaining six months,,,,2263.0,,,,,,,,,,,,,
the company has entered into certain off–balance sheet commitments that require the future purchase of goods or services -“unconditional purchase obligations”. the company’s unconditional purchase obligations primarily consist of supplier arrangements licensed content and distribution rights. future payments under noncancelable unconditional purchase obligations with a remaining term in excess of one year as of april 1 2023 are as follows -in millions: thereafter,,,,5897.0,,,,,,,,,,,,,
the company has entered into certain off–balance sheet commitments that require the future purchase of goods or services -“unconditional purchase obligations”. the company’s unconditional purchase obligations primarily consist of supplier arrangements licensed content and distribution rights. future payments under noncancelable unconditional purchase obligations with a remaining term in excess of one year as of april 1 2023 are as follows -in millions: total,,,,16077.0,,,,,,,,,,,,,
americas: net sales,,,,37784.0,,,,,,,,,,,,,
americas: operating income,,,,13927.0,,,,,,,,,,,,,
europe: net sales,,,,23945.0,,,,,,,,,,,,,
europe: operating income,,,,9368.0,,,,,,,,,,,,,
greater china: net sales,,,,17812.0,,,,,,,,,,,,,
greater china: operating income,,,,7531.0,,,,,,,,,,,,,
japan: net sales,,,,7176.0,,,,,,,,,,,,,
japan: operating income,,,,3394.0,,,,,,,,,,,,,
rest of asia pacific: net sales,,,,8119.0,,,,,,,,,,,,,
rest of asia pacific: operating income,,,,3268.0,,,,,,,,,,,,,
march 262022 segment operating income,,,,37488.0,,,,,,,,,,,,,
march 262022 research and development expense,,,,-7457.0,,,,,,,,,,,,,
march 262022 other corporate expenses net,,,,-1713.0,,,,,,,,,,,,,
march 262022 total operating income,,,,28318.0,,,,,,,,,,,,,
net sales by reportable segment: americas,,,,37784.0,,,,,,,,,,,,,
net sales by reportable segment: %,,,,87062.0,,,,,,,,,,,,,
% europe,,,,23945.0,,,,,,,,,,,,,
% %,,,,51626.0,,,,,,,,,,,,,
% greater china,,,,17812.0,,,,,,,,,,,,,
% %,,,,41717.0,,,,,,,,,,,,,
% japan,,,,7176.0,,,,,,,,,,,,,
% %,,,,13931.0,,,,,,,,,,,,,
% rest of asia pacific,,,,8119.0,,,,,,,,,,,,,
% %,,,,17654.0,,,,,,,,,,,,,
% total net sales,,,,94836.0,,,,,,,,,,,,,
% %,,,,211990.0,,,,,,,,,,,,,
net sales by category: iphone,,,,51334.0,,,,,,,,,,,,,
net sales by category: %,,,,117109.0,,,,,,,,,,,,,
% mac,,,,7168.0,,,,,,,,,,,,,
% %,,,,14903.0,,,,,,,,,,,,,
% ipad,,,,6670.0,,,,,,,,,,,,,
% %,,,,16066.0,,,,,,,,,,,,,
% wearables home and accessories,,,,8757.0,,,,,,,,,,,,,
% %,,,,22239.0,,,,,,,,,,,,,
% services,,,,20907.0,,,,,,,,,,,,,
% %,,,,41673.0,,,,,,,,,,,,,
% total net sales,,,,94836.0,,,,,,,,,,,,,
% %,,,,211990.0,,,,,,,,,,,,,
gross margin: products,,,,27134.0,,,,,,,,,,,,,
gross margin: services,,,,14842.0,,,,,,,,,,,,,
gross margin: total gross margin,,,,41976.0,,,,,,,,,,,,,
gross margin percentage: products,,,,36.7,,,,,,,,,,,,,
gross margin percentage: %,,,,36.4,,,,,,,,,,,,,
gross margin percentage: %,,,,36.8,,,,,,,,,,,,,
gross margin percentage: %,,,,37.5,,,,,,,,,,,,,
% services,,,,71.0,,,,,,,,,,,,,
% %,,,,72.6,,,,,,,,,,,,,
% %,,,,70.9,,,,,,,,,,,,,
% %,,,,72.5,,,,,,,,,,,,,
% total gross margin percentage,,,,44.3,,,,,,,,,,,,,
% %,,,,43.7,,,,,,,,,,,,,
% %,,,,43.5,,,,,,,,,,,,,
% %,,,,43.8,,,,,,,,,,,,,
march 262022 research and development,,,,7457.0,,,,,,,,,,,,,
march 262022 percentage of total net sales,,,,8.0,,,,,,,,,,,,,
march 262022 %,,,,7.0,,,,,,,,,,,,,
march 262022 %,,,,7.0,,,,,,,,,,,,,
march 262022 %,,,,6.0,,,,,,,,,,,,,
% selling general and administrative,,,,6201.0,,,,,,,,,,,,,
% percentage of total net sales,,,,7.0,,,,,,,,,,,,,
% %,,,,6.0,,,,,,,,,,,,,
% %,,,,6.0,,,,,,,,,,,,,
% %,,,,6.0,,,,,,,,,,,,,
% total operating expenses,,,,13658.0,,,,,,,,,,,,,
% percentage of total net sales,,,,14.0,,,,,,,,,,,,,
% %,,,,13.0,,,,,,,,,,,,,
% %,,,,13.0,,,,,,,,,,,,,
% %,,,,11.0,,,,,,,,,,,,,
march 262022 provision for income taxes,,,,4222.0,,,,,,,,,,,,,
march 262022 effective tax rate,,,,14.9,,,,,,,,,,,,,
march 262022 %,,,,17.0,,,,,,,,,,,,,
march 262022 %,,,,15.4,,,,,,,,,,,,,
march 262022 %,,,,16.4,,,,,,,,,,,,,
% statutory federal income tax rate,,,,21.0,,,,,,,,,,,,,
% %,,,,21.0,,,,,,,,,,,,,
% %,,,,21.0,,,,,,,,,,,,,
% %,,,,21.0,,,,,,,,,,,,,
january 1 2023 to february 4 2023: open market and privately negotiated purchases,,,,36980.0,,,,,,,,,,,,,
february 5 2023 to march 4 2023: open market and privately negotiated purchases,,,,49168.0,,,,,,,,,,,,,
march 5 2023 to april 1 2023: open market and privately negotiated purchases,,,,43164.0,,,,,,,,,,,,,
march 5 2023 to april 1 2023: total,,,,129312.0,,,,,,,,,,,,,
december 252021 share-based compensation expense,,,,,2905.0,,,,,,,,,,,,
december 252021 income tax benefit related to share-based compensation expense,,,,,-1178.0,,,,,,,,,,,,
the company has entered into certain off–balance sheet commitments that require the future purchase of goods or services -“unconditional purchase obligations”. the company’s unconditional purchase obligations primarily consist of supplier arrangements licensed content and distribution rights. future payments under noncancelable unconditional purchase obligations with a remaining term in excess of one year as of december 31 2022 are as follows -in millions: 2023 -remaining nine months,,,,,2899.0,,,,,,,,,,,,
the company has entered into certain off–balance sheet commitments that require the future purchase of goods or services -“unconditional purchase obligations”. the company’s unconditional purchase obligations primarily consist of supplier arrangements licensed content and distribution rights. future payments under noncancelable unconditional purchase obligations with a remaining term in excess of one year as of december 31 2022 are as follows -in millions: thereafter,,,,,444.0,,,,,,,,,,,,
the company has entered into certain off–balance sheet commitments that require the future purchase of goods or services -“unconditional purchase obligations”. the company’s unconditional purchase obligations primarily consist of supplier arrangements licensed content and distribution rights. future payments under noncancelable unconditional purchase obligations with a remaining term in excess of one year as of december 31 2022 are as follows -in millions: total,,,,,14726.0,,,,,,,,,,,,
americas: net sales,,,,,49278.0,,,,,,,,,,,,
americas: operating income,,,,,17864.0,,,,,,,,,,,,
europe: net sales,,,,,27681.0,,,,,,,,,,,,
europe: operating income,,,,,10017.0,,,,,,,,,,,,
greater china: net sales,,,,,23905.0,,,,,,,,,,,,
greater china: operating income,,,,,10437.0,,,,,,,,,,,,
japan: net sales,,,,,6755.0,,,,,,,,,,,,
japan: operating income,,,,,3236.0,,,,,,,,,,,,
rest of asia pacific: net sales,,,,,9535.0,,,,,,,,,,,,
rest of asia pacific: operating income,,,,,3851.0,,,,,,,,,,,,
december 252021 segment operating income,,,,,45405.0,,,,,,,,,,,,
december 252021 research and development expense,,,,,-7709.0,,,,,,,,,,,,
december 252021 other corporate expenses net,,,,,-1680.0,,,,,,,,,,,,
december 252021 total operating income,,,,,36016.0,,,,,,,,,,,,
net sales by reportable segment: americas,,,,,49278.0,,,,,,,,,,,,
% europe,,,,,27681.0,,,,,,,,,,,,
% greater china,,,,,23905.0,,,,,,,,,,,,
% japan,,,,,6755.0,,,,,,,,,,,,
% rest of asia pacific,,,,,9535.0,,,,,,,,,,,,
% total net sales,,,,,117154.0,,,,,,,,,,,,
net sales by category: iphone,,,,,65775.0,,,,,,,,,,,,
% mac,,,,,7735.0,,,,,,,,,,,,
% ipad,,,,,9396.0,,,,,,,,,,,,
% wearables home and accessories,,,,,-2.0,,,,,,,,,,,,
% services,,,,,-3.0,,,,,,,,,,,,
% total net sales,,,,,117154.0,,,,,,,,,,,,
% products net sales include amortization of the deferred value of unspecified software upgrade rights which are bundled in the sales price of the respective product.,,,,,-2.0,,,,,,,,,,,,
% wearables home and accessories net sales include sales of airpods apple tv apple watch beats products homepod mini and accessories.,,,,,-3.0,,,,,,,,,,,,
gross margin: products,,,,,35623.0,,,,,,,,,,,,
gross margin: services,,,,,14709.0,,,,,,,,,,,,
gross margin: total gross margin,,,,,50332.0,,,,,,,,,,,,
gross margin percentage: products,,,,,37.0,,,,,,,,,,,,
gross margin percentage: %,,,,,38.4,,,,,,,,,,,,
% services,,,,,70.8,,,,,,,,,,,,
% %,,,,,72.4,,,,,,,,,,,,
% total gross margin percentage,,,,,43.0,,,,,,,,,,,,
% %,,,,,43.8,,,,,,,,,,,,
december 252021 research and development,,,,,7709.0,,,,,,,,,,,,
december 252021 percentage of total net sales,,,,,7.0,,,,,,,,,,,,
december 252021 %,,,,,5.0,,,,,,,,,,,,
% selling general and administrative,,,,,6607.0,,,,,,,,,,,,
% percentage of total net sales,,,,,6.0,,,,,,,,,,,,
% %,,,,,5.0,,,,,,,,,,,,
% total operating expenses,,,,,14316.0,,,,,,,,,,,,
% percentage of total net sales,,,,,12.0,,,,,,,,,,,,
% %,,,,,10.0,,,,,,,,,,,,
december 252021 provision for income taxes,,,,,5625.0,,,,,,,,,,,,
december 252021 effective tax rate,,,,,15.8,,,,,,,,,,,,
december 252021 %,,,,,16.0,,,,,,,,,,,,
% statutory federal income tax rate,,,,,21.0,,,,,,,,,,,,
% %,,,,,21.0,,,,,,,,,,,,
september 25 2022 to october 29 2022: open market and privately negotiated purchases,,,,,69169.0,,,,,,,,,,,,
october 30 2022 to november 26 2022: open market and privately negotiated purchases,,,,,23113.0,,,,,,,,,,,,
november 27 2022 to december 31 2022: open market and privately negotiated purchases,,,,,40557.0,,,,,,,,,,,,
november 27 2022 to december 31 2022: total,,,,,132839.0,,,,,,,,,,,,
june 262021 share-based compensation expense,,,,,,2243.0,,,,,,,,,,,
june 262021 income tax benefit related to share-based compensation expense,,,,,,-1231.0,,,,,,,,,,,
june 262021 beginning accrued warranty and related costs,,,,,,3206.0,,,,,,,,,,,
june 262021 cost of warranty claims,,,,,,-534.0,,,,,,,,,,,
june 262021 accruals for product warranty,,,,,,177.0,,,,,,,,,,,
june 262021 ending accrued warranty and related costs,,,,,,2849.0,,,,,,,,,,,
americas: net sales,,,,,,37472.0,,,,,,,,,,,
americas: operating income,,,,,,13914.0,,,,,,,,,,,
europe: net sales,,,,,,19287.0,,,,,,,,,,,
europe: operating income,,,,,,7124.0,,,,,,,,,,,
greater china: net sales,,,,,,14604.0,,,,,,,,,,,
greater china: operating income,,,,,,5760.0,,,,,,,,,,,
japan: net sales,,,,,,5446.0,,,,,,,,,,,
japan: operating income,,,,,,2418.0,,,,,,,,,,,
rest of asia pacific: net sales,,,,,,6150.0,,,,,,,,,,,
rest of asia pacific: operating income,,,,,,2367.0,,,,,,,,,,,
june 262021 segment operating income,,,,,,31583.0,,,,,,,,,,,
june 262021 research and development expense,,,,,,-6797.0,,,,,,,,,,,
june 262021 other corporate expenses net,,,,,,-1710.0,,,,,,,,,,,
june 262021 total operating income,,,,,,23076.0,,,,,,,,,,,
net sales by category: iphone,,,,,,40665.0,,,,,,,,,,,
net sales by category: %,,,,,,162863.0,,,,,,,,,,,
% mac,,,,,,7382.0,,,,,,,,,,,
% %,,,,,,28669.0,,,,,,,,,,,
% ipad,,,,,,7224.0,,,,,,,,,,,
% %,,,,,,22118.0,,,,,,,,,,,
% wearables home and accessories,,,,,,-2.0,,,,,,,,,,,
% %,,,,,,31591.0,,,,,,,,,,,
% services,,,,,,-3.0,,,,,,,,,,,
% %,,,,,,58941.0,,,,,,,,,,,
% total net sales,,,,,,82959.0,,,,,,,,,,,
% %,,,,,,304182.0,,,,,,,,,,,
% products net sales include amortization of the deferred value of unspecified software upgrade rights which are bundled in the sales price of the respective product.,,,,,,-2.0,,,,,,,,,,,
% wearables home and accessories net sales include sales of airpods apple tv apple watch beats products homepod mini and accessories.,,,,,,-3.0,,,,,,,,,,,
net sales by reportable segment: americas,,,,,,37472.0,,,,,,,,,,,
net sales by reportable segment: %,,,,,,129850.0,,,,,,,,,,,
% europe,,,,,,19287.0,,,,,,,,,,,
% %,,,,,,72323.0,,,,,,,,,,,
% greater china,,,,,,14604.0,,,,,,,,,,,
% %,,,,,,58730.0,,,,,,,,,,,
% japan,,,,,,5446.0,,,,,,,,,,,
% %,,,,,,20277.0,,,,,,,,,,,
% rest of asia pacific,,,,,,6150.0,,,,,,,,,,,
% %,,,,,,23002.0,,,,,,,,,,,
% total net sales,,,,,,82959.0,,,,,,,,,,,
% %,,,,,,304182.0,,,,,,,,,,,
gross margin: products,,,,,,21870.0,,,,,,,,,,,
gross margin: services,,,,,,14015.0,,,,,,,,,,,
gross margin: total gross margin,,,,,,35885.0,,,,,,,,,,,
gross margin percentage: products,,,,,,34.5,,,,,,,,,,,
gross margin percentage: %,,,,,,36.0,,,,,,,,,,,
gross margin percentage: %,,,,,,36.8,,,,,,,,,,,
gross margin percentage: %,,,,,,35.7,,,,,,,,,,,
% services,,,,,,71.5,,,,,,,,,,,
% %,,,,,,69.8,,,,,,,,,,,
% %,,,,,,72.2,,,,,,,,,,,
% %,,,,,,69.5,,,,,,,,,,,
% total gross margin percentage,,,,,,43.3,,,,,,,,,,,
% %,,,,,,43.3,,,,,,,,,,,
% %,,,,,,43.6,,,,,,,,,,,
% %,,,,,,41.7,,,,,,,,,,,
june 262021 research and development,,,,,,6797.0,,,,,,,,,,,
june 262021 percentage of total net sales,,,,,,8.0,,,,,,,,,,,
june 262021 %,,,,,,7.0,,,,,,,,,,,
june 262021 %,,,,,,6.0,,,,,,,,,,,
june 262021 %,,,,,,6.0,,,,,,,,,,,
% selling general and administrative,,,,,,6012.0,,,,,,,,,,,
% percentage of total net sales,,,,,,7.0,,,,,,,,,,,
% %,,,,,,7.0,,,,,,,,,,,
% %,,,,,,6.0,,,,,,,,,,,
% %,,,,,,6.0,,,,,,,,,,,
% total operating expenses,,,,,,12809.0,,,,,,,,,,,
% percentage of total net sales,,,,,,15.0,,,,,,,,,,,
% %,,,,,,14.0,,,,,,,,,,,
% %,,,,,,13.0,,,,,,,,,,,
% %,,,,,,12.0,,,,,,,,,,,
change interest and dividend income,,,,,,722.0,,,,,,,,,,,
change interest expense,,,,,,-719.0,,,,,,,,,,,
change other income/-expense net,,,,,,-13.0,,,,,,,,,,,
change total other income/-expense net,,,,,,-10.0,,,,,,,,,,,
change %,,,,,,-97.0,,,,,,,,,,,
june 262021 provision for income taxes,,,,,,3624.0,,,,,,,,,,,
june 262021 effective tax rate,,,,,,15.7,,,,,,,,,,,
june 262021 %,,,,,,10.8,,,,,,,,,,,
june 262021 %,,,,,,16.3,,,,,,,,,,,
june 262021 %,,,,,,13.8,,,,,,,,,,,
% statutory federal income tax rate,,,,,,21.0,,,,,,,,,,,
% %,,,,,,21.0,,,,,,,,,,,
% %,,,,,,21.0,,,,,,,,,,,
% %,,,,,,21.0,,,,,,,,,,,
march 27 2022 to april 30 2022: open market and privately negotiated purchases,,,,,,50578.0,,,,,,,,,,,
may 1 2022 to may 28 2022: open market and privately negotiated purchases,,,,,,42069.0,,,,,,,,,,,
may 29 2022 to june 25 2022: open market and privately negotiated purchases,,,,,,50027.0,,,,,,,,,,,
may 29 2022 to june 25 2022: total,,,,,,142674.0,,,,,,,,,,,
march 272021 share-based compensation expense,,,,,,,2252.0,,,,,,,,,,
march 272021 income tax benefit related to share-based compensation expense,,,,,,,-649.0,,,,,,,,,,
march 272021 beginning accrued warranty and related costs,,,,,,,3530.0,,,,,,,,,,
march 272021 cost of warranty claims,,,,,,,-581.0,,,,,,,,,,
march 272021 accruals for product warranty,,,,,,,257.0,,,,,,,,,,
march 272021 ending accrued warranty and related costs,,,,,,,3206.0,,,,,,,,,,
americas: net sales,,,,,,,40882.0,,,,,,,,,,
americas: operating income,,,,,,,15279.0,,,,,,,,,,
europe: net sales,,,,,,,23287.0,,,,,,,,,,
europe: operating income,,,,,,,8505.0,,,,,,,,,,
greater china: net sales,,,,,,,18343.0,,,,,,,,,,
greater china: operating income,,,,,,,8112.0,,,,,,,,,,
japan: net sales,,,,,,,7724.0,,,,,,,,,,
japan: operating income,,,,,,,3496.0,,,,,,,,,,
rest of asia pacific: net sales,,,,,,,7042.0,,,,,,,,,,
rest of asia pacific: operating income,,,,,,,2823.0,,,,,,,,,,
march 272021 segment operating income,,,,,,,38215.0,,,,,,,,,,
march 272021 research and development expense,,,,,,,-6387.0,,,,,,,,,,
march 272021 other corporate expenses net,,,,,,,-1849.0,,,,,,,,,,
march 272021 total operating income,,,,,,,29979.0,,,,,,,,,,
net sales by category: iphone,,,,,,,50570.0,,,,,,,,,,
net sales by category: %,,,,,,,122198.0,,,,,,,,,,
% mac,,,,,,,10435.0,,,,,,,,,,
% %,,,,,,,21287.0,,,,,,,,,,
% ipad,,,,,,,7646.0,,,,,,,,,,
% %,,,,,,,14894.0,,,,,,,,,,
% wearables home and accessories,,,,,,,-2.0,,,,,,,,,,
% %,,,,,,,23507.0,,,,,,,,,,
% services,,,,,,,-3.0,,,,,,,,,,
% %,,,,,,,39337.0,,,,,,,,,,
% total net sales,,,,,,,97278.0,,,,,,,,,,
% %,,,,,,,221223.0,,,,,,,,,,
% products net sales include amortization of the deferred value of unspecified software upgrade rights which are bundled in the sales price of the respective product.,,,,,,,-2.0,,,,,,,,,,
% wearables home and accessories net sales include sales of airpods apple tv apple watch beats products homepod mini ipod touch and accessories.,,,,,,,-3.0,,,,,,,,,,
net sales by reportable segment: americas,,,,,,,40882.0,,,,,,,,,,
net sales by reportable segment: %,,,,,,,92378.0,,,,,,,,,,
% europe,,,,,,,23287.0,,,,,,,,,,
% %,,,,,,,53036.0,,,,,,,,,,
% greater china,,,,,,,18343.0,,,,,,,,,,
% %,,,,,,,44126.0,,,,,,,,,,
% japan,,,,,,,7724.0,,,,,,,,,,
% %,,,,,,,14831.0,,,,,,,,,,
% rest of asia pacific,,,,,,,7042.0,,,,,,,,,,
% %,,,,,,,16852.0,,,,,,,,,,
% total net sales,,,,,,,97278.0,,,,,,,,,,
% %,,,,,,,221223.0,,,,,,,,,,
gross margin: products,,,,,,,28167.0,,,,,,,,,,
gross margin: services,,,,,,,14392.0,,,,,,,,,,
gross margin: total gross margin,,,,,,,42559.0,,,,,,,,,,
gross margin percentage: products,,,,,,,36.4,,,,,,,,,,
gross margin percentage: %,,,,,,,36.1,,,,,,,,,,
gross margin percentage: %,,,,,,,37.5,,,,,,,,,,
gross margin percentage: %,,,,,,,35.5,,,,,,,,,,
% services,,,,,,,72.6,,,,,,,,,,
% %,,,,,,,70.1,,,,,,,,,,
% %,,,,,,,72.5,,,,,,,,,,
% %,,,,,,,69.3,,,,,,,,,,
% total gross margin percentage,,,,,,,43.7,,,,,,,,,,
% %,,,,,,,42.5,,,,,,,,,,
% %,,,,,,,43.8,,,,,,,,,,
% %,,,,,,,41.0,,,,,,,,,,
march 272021 research and development,,,,,,,6387.0,,,,,,,,,,
march 272021 percentage of total net sales,,,,,,,7.0,,,,,,,,,,
march 272021 %,,,,,,,6.0,,,,,,,,,,
march 272021 %,,,,,,,6.0,,,,,,,,,,
march 272021 %,,,,,,,5.0,,,,,,,,,,
% selling general and administrative,,,,,,,6193.0,,,,,,,,,,
% percentage of total net sales,,,,,,,6.0,,,,,,,,,,
% %,,,,,,,6.0,,,,,,,,,,
% %,,,,,,,6.0,,,,,,,,,,
% %,,,,,,,5.0,,,,,,,,,,
% total operating expenses,,,,,,,12580.0,,,,,,,,,,
% percentage of total net sales,,,,,,,13.0,,,,,,,,,,
% %,,,,,,,12.0,,,,,,,,,,
% %,,,,,,,11.0,,,,,,,,,,
% %,,,,,,,11.0,,,,,,,,,,
change interest and dividend income,,,,,,,700.0,,,,,,,,,,
change interest expense,,,,,,,-691.0,,,,,,,,,,
change other income/-expense net,,,,,,,151.0,,,,,,,,,,
change total other income/-expense net,,,,,,,160.0,,,,,,,,,,
change %,,,,,,,-87.0,,,,,,,,,,
march 272021 provision for income taxes,,,,,,,5129.0,,,,,,,,,,
march 272021 effective tax rate,,,,,,,17.0,,,,,,,,,,
march 272021 %,,,,,,,15.6,,,,,,,,,,
march 272021 %,,,,,,,16.4,,,,,,,,,,
march 272021 %,,,,,,,14.9,,,,,,,,,,
% statutory federal income tax rate,,,,,,,21.0,,,,,,,,,,
% %,,,,,,,21.0,,,,,,,,,,
% %,,,,,,,21.0,,,,,,,,,,
% %,,,,,,,21.0,,,,,,,,,,
december 26 2021 to january 29 2022: november 2021 asrs,,,,,,,4887.0,,,,,,,,,,
december 26 2021 to january 29 2022: open market and privately negotiated purchases,,,,,,,43330.0,,,,,,,,,,
january 30 2022 to february 26 2022: open market and privately negotiated purchases,,,,,,,42895.0,,,,,,,,,,
february 27 2022 to march 26 2022: open market and privately negotiated purchases,,,,,,,50822.0,,,,,,,,,,
february 27 2022 to march 26 2022: total,,,,,,,141934.0,,,,,,,,,,
february 27 2022 to march 26 2022: on april 28 2021 the board of directors authorized the purchase of an additional $90 billion of the company’s common stock under the program. as of march 26 2022 total utilization under the april 2021 authorization was $72.4 billion. on april 28 2022 the company announced the board of directors increased the program authorization by $90 billion. the program does not obligate the company to acquire a minimum amount of shares. under the program shares may be repurchased in privately negotiated and/or open market transactions including under plans complying with rule 10b5-1 under the exchange act.,,,,,,,-2.0,,,,,,,,,,
2022 employee stock plan. 8-k,,,,,,,10.1,,,,,,,,,,
form of restricted stock unit award agreement under 2022 employee stock plan effective as of march 4 2022. 8-k,,,,,,,10.2,,,,,,,,,,
form of performance award agreement under 2022 employee stock plan effective as of march 4 2022. 8-k,,,,,,,10.3,,,,,,,,,,
december 262020 share-based compensation expense,,,,,,,,2265.0,,,,,,,,,
december 262020 income tax benefit related to share-based compensation expense,,,,,,,,-1536.0,,,,,,,,,
december 262020 beginning accrued warranty and related costs,,,,,,,,3364.0,,,,,,,,,
december 262020 cost of warranty claims,,,,,,,,-672.0,,,,,,,,,
december 262020 accruals for product warranty,,,,,,,,838.0,,,,,,,,,
december 262020 ending accrued warranty and related costs,,,,,,,,3530.0,,,,,,,,,
americas: net sales,,,,,,,,51496.0,,,,,,,,,
americas: operating income,,,,,,,,19585.0,,,,,,,,,
europe: net sales,,,,,,,,29749.0,,,,,,,,,
europe: operating income,,,,,,,,11545.0,,,,,,,,,
greater china: net sales,,,,,,,,25783.0,,,,,,,,,
greater china: operating income,,,,,,,,11183.0,,,,,,,,,
japan: net sales,,,,,,,,7107.0,,,,,,,,,
japan: operating income,,,,,,,,3349.0,,,,,,,,,
rest of asia pacific: net sales,,,,,,,,9810.0,,,,,,,,,
rest of asia pacific: operating income,,,,,,,,3995.0,,,,,,,,,
december 262020 segment operating income,,,,,,,,49657.0,,,,,,,,,
december 262020 research and development expense,,,,,,,,-6306.0,,,,,,,,,
december 262020 other corporate expenses net,,,,,,,,-1863.0,,,,,,,,,
december 262020 total operating income,,,,,,,,41488.0,,,,,,,,,
net sales by category: iphone,,,,,,,,71628.0,,,,,,,,,
% mac,,,,,,,,10852.0,,,,,,,,,
% ipad,,,,,,,,7248.0,,,,,,,,,
% wearables home and accessories,,,,,,,,-2.0,,,,,,,,,
% services,,,,,,,,-3.0,,,,,,,,,
% total net sales,,,,,,,,123945.0,,,,,,,,,
% products net sales include amortization of the deferred value of unspecified software upgrade rights which are bundled in the sales price of the respective product.,,,,,,,,-2.0,,,,,,,,,
% wearables home and accessories net sales include sales of airpods apple tv apple watch beats products homepod mini ipod touch and accessories.,,,,,,,,-3.0,,,,,,,,,
net sales by reportable segment: americas,,,,,,,,51496.0,,,,,,,,,
% europe,,,,,,,,29749.0,,,,,,,,,
% greater china,,,,,,,,25783.0,,,,,,,,,
% japan,,,,,,,,7107.0,,,,,,,,,
% rest of asia pacific,,,,,,,,9810.0,,,,,,,,,
% total net sales,,,,,,,,123945.0,,,,,,,,,
gross margin: products,,,,,,,,40120.0,,,,,,,,,
gross margin: services,,,,,,,,14123.0,,,,,,,,,
gross margin: total gross margin,,,,,,,,54243.0,,,,,,,,,
gross margin percentage: products,,,,,,,,38.4,,,,,,,,,
gross margin percentage: %,,,,,,,,35.1,,,,,,,,,
% services,,,,,,,,72.4,,,,,,,,,
% %,,,,,,,,68.4,,,,,,,,,
% total gross margin percentage,,,,,,,,43.8,,,,,,,,,
% %,,,,,,,,39.8,,,,,,,,,
december 262020 research and development,,,,,,,,6306.0,,,,,,,,,
december 262020 percentage of total net sales,,,,,,,,5.0,,,,,,,,,
december 262020 %,,,,,,,,5.0,,,,,,,,,
% selling general and administrative,,,,,,,,6449.0,,,,,,,,,
% percentage of total net sales,,,,,,,,5.0,,,,,,,,,
% %,,,,,,,,5.0,,,,,,,,,
% total operating expenses,,,,,,,,12755.0,,,,,,,,,
% percentage of total net sales,,,,,,,,10.0,,,,,,,,,
% %,,,,,,,,10.0,,,,,,,,,
change interest and dividend income,,,,,,,,650.0,,,,,,,,,
change interest expense,,,,,,,,-694.0,,,,,,,,,
change other expense net,,,,,,,,-203.0,,,,,,,,,
change total other income/-expense net,,,,,,,,-247.0,,,,,,,,,
december 262020 provision for income taxes,,,,,,,,6611.0,,,,,,,,,
december 262020 effective tax rate,,,,,,,,16.0,,,,,,,,,
december 262020 %,,,,,,,,14.4,,,,,,,,,
% statutory federal income tax rate,,,,,,,,21.0,,,,,,,,,
% %,,,,,,,,21.0,,,,,,,,,
september 26 2021 to october 30 2021: open market and privately negotiated purchases,,,,,,,,41416.0,,,,,,,,,
october 31 2021 to november 27 2021: november 2021 asrs,,,,,,,,30405.0,,,,,,,,,
october 31 2021 to november 27 2021: open market and privately negotiated purchases,,,,,,,,27770.0,,,,,,,,,
november 28 2021 to december 25 2021: open market and privately negotiated purchases,,,,,,,,24218.0,,,,,,,,,
november 28 2021 to december 25 2021: total,,,,,,,,123809.0,,,,,,,,,
november 28 2021 to december 25 2021: as of december 25 2021 the company was authorized to purchase up to $315 billion of the company’s common stock under the program announced on april 28 2021 of which $274.5 billion had been utilized. the remaining $40.5 billion in the table represents the amount available to repurchase shares under the program as of december 25 2021. the program does not obligate the company to acquire any specific number of shares. under the program shares may be repurchased in privately negotiated and/or open market transactions including under plans complying with rule 10b5-1 under the exchange act.,,,,,,,,-2.0,,,,,,,,,
: foreign exchange contracts,,,,,,,,,700.0,,,,,,,,
: interest rate contracts,,,,,,,,,891.0,,,,,,,,
: derivative liabilities,,,,,,,,,-2.0,,,,,,,,
: foreign exchange contracts,,,,,,,,,918.0,,,,,,,,
: foreign exchange contracts,,,,,,,,,749.0,,,,,,,,
: interest rate contracts,,,,,,,,,1557.0,,,,,,,,
: derivative liabilities,,,,,,,,,-2.0,,,,,,,,
: foreign exchange contracts,,,,,,,,,1561.0,,,,,,,,
: foreign exchange contracts,,,,,,,,,,717.0,,,,,,,
: interest rate contracts,,,,,,,,,,923.0,,,,,,,
: derivative liabilities,,,,,,,,,,-2.0,,,,,,,
: foreign exchange contracts,,,,,,,,,,1014.0,,,,,,,
: foreign exchange contracts,,,,,,,,,,749.0,,,,,,,
: interest rate contracts,,,,,,,,,,1557.0,,,,,,,
: derivative liabilities,,,,,,,,,,-2.0,,,,,,,
: foreign exchange contracts,,,,,,,,,,1561.0,,,,,,,
: foreign exchange contracts,,,,,,,,,,,524.0,,,,,,
: interest rate contracts,,,,,,,,,,,1443.0,,,,,,
: derivative liabilities,,,,,,,,,,,-2.0,,,,,,
: foreign exchange contracts,,,,,,,,,,,2332.0,,,,,,
: foreign exchange contracts,,,,,,,,,,,749.0,,,,,,
: interest rate contracts,,,,,,,,,,,1557.0,,,,,,
: derivative liabilities,,,,,,,,,,,-2.0,,,,,,
: foreign exchange contracts,,,,,,,,,,,1561.0,,,,,,
: foreign exchange contracts,,,,,,,,,,,,1247.0,,,,,
: interest rate contracts,,,,,,,,,,,,1612.0,,,,,
: foreign exchange contracts,,,,,,,,,,,,1757.0,,,,,
: foreign exchange contracts,,,,,,,,,,,,1798.0,,,,,
: interest rate contracts,,,,,,,,,,,,685.0,,,,,
: foreign exchange contracts,,,,,,,,,,,,1341.0,,,,,
: interest rate contracts,,,,,,,,,,,,105.0,,,,,
derivatives that are not designated as hedging instruments are adjusted to fair value through earnings in the financial statement line item to which the derivative relates. apple inc. | q2 2020 form 10-q |,,,,,,,,,,,,,11.0,,,,
: foreign exchange contracts,,,,,,,,,,,,,2803.0,,,,
: interest rate contracts,,,,,,,,,,,,,1709.0,,,,
: derivative liabilities,,,,,,,,,,,,,-2.0,,,,
: foreign exchange contracts,,,,,,,,,,,,,2645.0,,,,
: interest rate contracts,,,,,,,,,,,,,66.0,,,,
: foreign exchange contracts,,,,,,,,,,,,,1798.0,,,,
: interest rate contracts,,,,,,,,,,,,,685.0,,,,
: derivative liabilities,,,,,,,,,,,,,-2.0,,,,
: foreign exchange contracts,,,,,,,,,,,,,1341.0,,,,
: interest rate contracts,,,,,,,,,,,,,105.0,,,,
derivatives that are not designated as hedging instruments are adjusted to fair value through earnings in the financial statement line item to which the derivative relates. apple inc. | q1 2020 form 10-q |,,,,,,,,,,,,,,11.0,,,
: foreign exchange contracts,,,,,,,,,,,,,,1625.0,,,
: interest rate contracts,,,,,,,,,,,,,,475.0,,,
: derivative liabilities,,,,,,,,,,,,,,-2.0,,,
: foreign exchange contracts,,,,,,,,,,,,,,964.0,,,
: interest rate contracts,,,,,,,,,,,,,,57.0,,,
: foreign exchange contracts,,,,,,,,,,,,,,1798.0,,,
: interest rate contracts,,,,,,,,,,,,,,685.0,,,
: derivative liabilities,,,,,,,,,,,,,,-2.0,,,
: foreign exchange contracts,,,,,,,,,,,,,,1341.0,,,
: interest rate contracts,,,,,,,,,,,,,,105.0,,,
 respectively and were recognized in other income/-expense net. apple inc. | q3 2019 form 10-q |,,,,,,,,,,,,,,,12.0,,
: foreign exchange contracts,,,,,,,,,,,,,,,1179.0,,
: interest rate contracts,,,,,,,,,,,,,,,449.0,,
: derivative liabilities,,,,,,,,,,,,,,,-2.0,,
: foreign exchange contracts,,,,,,,,,,,,,,,860.0,,
: interest rate contracts,,,,,,,,,,,,,,,112.0,,
: foreign exchange contracts,,,,,,,,,,,,,,,1015.0,,
: derivative liabilities,,,,,,,,,,,,,,,-2.0,,
: foreign exchange contracts,,,,,,,,,,,,,,,543.0,,
: interest rate contracts,,,,,,,,,,,,,,,1456.0,,
in other income/-expense net. apple inc. | q2 2019 form 10-q |,,,,,,,,,,,,,,,,12.0,
: foreign exchange contracts,,,,,,,,,,,,,,,,1364.0,
: interest rate contracts,,,,,,,,,,,,,,,,68.0,
: derivative liabilities,,,,,,,,,,,,,,,,-2.0,
: foreign exchange contracts,,,,,,,,,,,,,,,,649.0,
: interest rate contracts,,,,,,,,,,,,,,,,402.0,
: foreign exchange contracts,,,,,,,,,,,,,,,,1015.0,
: derivative liabilities,,,,,,,,,,,,,,,,-2.0,
: foreign exchange contracts,,,,,,,,,,,,,,,,543.0,
: interest rate contracts,,,,,,,,,,,,,,,,1456.0,
 deferred revenue,,,,,,,,,,,,,,,,,5546.0
 commercial paper,,,,,,,,,,,,,,,,,11969.0
 term debt,,,,,,,,,,,,,,,,,9772.0
 total current liabilities,,,,,,,,,,,,,,,,,108283.0
non-current liabilities: term debt,,,,,,,,,,,,,,,,,92989.0
non-current liabilities: other non-current liabilities,,,,,,,,,,,,,,,,,54555.0
non-current liabilities: total non-current liabilities,,,,,,,,,,,,,,,,,147544.0
non-current liabilities: total liabilities,,,,,,,,,,,,,,,,,255827.0
shareholders’ equity: common stock and additional paid-in capital $0.00001 par value: 12600000 shares authorized; 4729803 and 4754986 shares issued and outstanding respectively,,,,,,,,,,,,,,,,,40970.0
shareholders’ equity: retained earnings,,,,,,,,,,,,,,,,,80510.0
shareholders’ equity: accumulated other comprehensive income/-loss,,,,,,,,,,,,,,,,,-3588.0
shareholders’ equity: ,,,,,,,,,,,,,,,,,-3454.0
 total shareholders’ equity,,,,,,,,,,,,,,,,,117892.0
 total liabilities and shareholders’ equity,,,,,,,,,,,,,,,,,373719.0
december 30 2017 total shareholders’ equity beginning balances,,,,,,,,,,,,,,,,,107147.0
common stock and additional paid-in capital: beginning balances,,,,,,,,,,,,,,,,,40201.0
common stock and additional paid-in capital: shares withheld related to net share settlement of equity awards net,,,,,,,,,,,,,,,,,-822.0
common stock and additional paid-in capital: ,,,,,,,,,,,,,,,,,-738.0
 share-based compensation,,,,,,,,,,,,,,,,,1591.0
 ending balances,,,,,,,,,,,,,,,,,40970.0
retained earnings: beginning balances,,,,,,,,,,,,,,,,,70400.0
retained earnings: net income,,,,,,,,,,,,,,,,,19965.0
retained earnings: dividends and dividend equivalents declared,,,,,,,,,,,,,,,,,-3526.0
retained earnings: ,,,,,,,,,,,,,,,,,-3300.0
 shares withheld related to net share settlement of equity awards net,,,,,,,,,,,,,,,,,-594.0
 ,,,,,,,,,,,,,,,,,-393.0
 common stock repurchased,,,,,,,,,,,,,,,,,-8236.0
 ,,,,,,,,,,,,,,,,,-10109.0
 cumulative effect of changes in accounting principles,,,,,,,,,,,,,,,,,2501.0
 ending balances,,,,,,,,,,,,,,,,,80510.0
accumulated other comprehensive income/-loss: beginning balances,,,,,,,,,,,,,,,,,-3454.0
accumulated other comprehensive income/-loss: ,,,,,,,,,,,,,,,,,-150.0
 other comprehensive income/-loss,,,,,,,,,,,,,,,,,-223.0
 ,,,,,,,,,,,,,,,,,-691.0
 cumulative effect of changes in accounting principles,,,,,,,,,,,,,,,,,89.0
 ending balances,,,,,,,,,,,,,,,,,-3588.0
 ,,,,,,,,,,,,,,,,,-841.0
 total shareholders’ equity ending balances,,,,,,,,,,,,,,,,,117892.0
 dividends and dividend equivalents declared per share or rsu,,,,,,,,,,,,,,,,,0.73
december 30 2017 cash and cash equivalents beginning balances,,,,,,,,,,,,,,,,,25913.0
operating activities: net income,,,,,,,,,,,,,,,,,19965.0
adjustments to reconcile net income to cash generated by operating activities: depreciation and amortization,,,,,,,,,,,,,,,,,3395.0
adjustments to reconcile net income to cash generated by operating activities: share-based compensation expense,,,,,,,,,,,,,,,,,1559.0
adjustments to reconcile net income to cash generated by operating activities: deferred income tax expense/-benefit,,,,,,,,,,,,,,,,,53.0
 other,,,,,,,,,,,,,,,,,-54.0
 ,,,,,,,,,,,,,,,,,-11.0
changes in operating assets and liabilities: accounts receivable net,,,,,,,,,,,,,,,,,5130.0
 inventories,,,,,,,,,,,,,,,,,-1076.0
 ,,,,,,,,,,,,,,,,,434.0
 vendor non-trade receivables,,,,,,,,,,,,,,,,,6905.0
 other current and non-current assets,,,,,,,,,,,,,,,,,-886.0
 ,,,,,,,,,,,,,,,,,-197.0
 accounts payable,,,,,,,,,,,,,,,,,-8501.0
 ,,,,,,,,,,,,,,,,,12602.0
 deferred revenue,,,,,,,,,,,,,,,,,-370.0
 ,,,,,,,,,,,,,,,,,569.0
 other current and non-current liabilities,,,,,,,,,,,,,,,,,570.0
 cash generated by operating activities,,,,,,,,,,,,,,,,,26690.0
investing activities: purchases of marketable securities,,,,,,,,,,,,,,,,,-7077.0
investing activities: ,,,,,,,,,,,,,,,,,-41272.0
 proceeds from maturities of marketable securities,,,,,,,,,,,,,,,,,7203.0
 proceeds from sales of marketable securities,,,,,,,,,,,,,,,,,9723.0
 payments for acquisition of property plant and equipment,,,,,,,,,,,,,,,,,-3355.0
 ,,,,,,,,,,,,,,,,,-2810.0
 payments made in connection with business acquisitions net,,,,,,,,,,,,,,,,,-167.0
 ,,,,,,,,,,,,,,,,,-173.0
 purchases of non-marketable securities,,,,,,,,,,,,,,,,,-427.0
 ,,,,,,,,,,,,,,,,,-141.0
 other,,,,,,,,,,,,,,,,,-56.0
 ,,,,,,,,,,,,,,,,,-43.0
 cash generated by/-used in investing activities,,,,,,,,,,,,,,,,,5844.0
financing activities: payments for taxes related to net share settlement of equity awards,,,,,,,,,,,,,,,,,-1318.0
financing activities: ,,,,,,,,,,,,,,,,,-1038.0
 payments for dividends and dividend equivalents,,,,,,,,,,,,,,,,,-3568.0
 ,,,,,,,,,,,,,,,,,-3339.0
 repurchases of common stock,,,,,,,,,,,,,,,,,-8796.0
 ,,,,,,,,,,,,,,,,,-10095.0
 proceeds from issuance of term debt net,,,,,,,,,,,,,,,,,6969.0
 change in commercial paper net,,,,,,,,,,,,,,,,,6.0
 cash used in financing activities,,,,,,,,,,,,,,,,,-13676.0
 ,,,,,,,,,,,,,,,,,-7501.0
 increase/-decrease in cash and cash equivalents,,,,,,,,,,,,,,,,,18858.0
 cash and cash equivalents ending balances,,,,,,,,,,,,,,,,,44771.0
supplemental cash flow disclosure: cash paid for income taxes net,,,,,,,,,,,,,,,,,4916.0
supplemental cash flow disclosure: cash paid for interest,,,,,,,,,,,,,,,,,836.0
numerator: net income,,,,,,,,,,,,,,,,,19965.0
denominator: weighted-average basic shares outstanding,,,,,,,,,,,,,,,,,4735820.0
denominator: effect of dilutive securities,,,,,,,,,,,,,,,,,37432.0
denominator: weighted-average diluted shares,,,,,,,,,,,,,,,,,4773252.0
denominator: basic earnings per share,,,,,,,,,,,,,,,,,4.22
denominator: diluted earnings per share,,,,,,,,,,,,,,,,,4.18
december 30 2017 iphone,,,,,,,,,,,,,,,,,51982.0
december 30 2017 mac,,,,,,,,,,,,,,,,,7416.0
december 30 2017 ipad,,,,,,,,,,,,,,,,,6729.0
december 30 2017 wearables home and accessories -2,,,,,,,,,,,,,,,,,7308.0
december 30 2017 services -3,,,,,,,,,,,,,,,,,10875.0
december 30 2017 total net sales -4,,,,,,,,,,,,,,,,,84310.0
december 30 2017 products net sales include amortization of the deferred value of unspecified software upgrade rights which are bundled in the sales price of the respective product.,,,,,,,,,,,,,,,,,-2.0
december 30 2017 wearables home and accessories net sales include sales of airpods apple tv apple watch beats® products homepod ipod touch® and apple-branded and third-party accessories.,,,,,,,,,,,,,,,,,-3.0
december 30 2017 services net sales include sales from digital content and services applecare® apple pay licensing and other services. services net sales also include amortization of the deferred value of maps siri and free icloud services which are bundled in the sales price of certain products.,,,,,,,,,,,,,,,,,-4.0
long-termmarketablesecurities cash,,,,,,,,,,,,,,,,,9489.0
level 1 : money market funds,,,,,,,,,,,,,,,,,6424.0
level 1 : mutual funds,,,,,,,,,,,,,,,,,682.0
level 1 : subtotal,,,,,,,,,,,,,,,,,7106.0
level 2 -2: u.s. treasury securities,,,,,,,,,,,,,,,,,46191.0
level 2 -2: ,,,,,,,,,,,,,,,,,45468.0
level 2 -2: u.s. agency securities,,,,,,,,,,,,,,,,,9731.0
level 2 -2: ,,,,,,,,,,,,,,,,,9700.0
level 2 -2: non-u.s. government securities,,,,,,,,,,,,,,,,,23460.0
level 2 -2: ,,,,,,,,,,,,,,,,,23219.0
level 2 -2: certificates of deposit and time deposits,,,,,,,,,,,,,,,,,5349.0
level 2 -2: commercial paper,,,,,,,,,,,,,,,,,11953.0
level 2 -2: corporate debt securities,,,,,,,,,,,,,,,,,117260.0
level 2 -2: ,,,,,,,,,,,,,,,,,114905.0
level 2 -2: municipal securities,,,,,,,,,,,,,,,,,953.0
level 2 -2: ,,,,,,,,,,,,,,,,,947.0
level 2 -2: mortgage- and asset-backed securities,,,,,,,,,,,,,,,,,17320.0
level 2 -2: ,,,,,,,,,,,,,,,,,16899.0
level 2 -2: subtotal,,,,,,,,,,,,,,,,,232217.0
level 2 -2: ,,,,,,,,,,,,,,,,,228440.0
level 2 -2: total -3,,,,,,,,,,,,,,,,,248812.0
level 2 -2: ,,,,,,,,,,,,,,,,,245035.0
long-termmarketablesecurities cash,,,,,,,,,,,,,,,,,11575.0
level 1 : money market funds,,,,,,,,,,,,,,,,,8083.0
level 1 : mutual funds,,,,,,,,,,,,,,,,,799.0
level 1 : ,,,,,,,,,,,,,,,,,683.0
level 1 : subtotal,,,,,,,,,,,,,,,,,8882.0
level 1 : ,,,,,,,,,,,,,,,,,8766.0
level 2 -2: u.s. treasury securities,,,,,,,,,,,,,,,,,47296.0
level 2 -2: ,,,,,,,,,,,,,,,,,46094.0
level 2 -2: u.s. agency securities,,,,,,,,,,,,,,,,,4127.0
level 2 -2: ,,,,,,,,,,,,,,,,,4079.0
level 2 -2: non-u.s. government securities,,,,,,,,,,,,,,,,,21601.0
level 2 -2: ,,,,,,,,,,,,,,,,,21400.0
level 2 -2: certificates of deposit and time deposits,,,,,,,,,,,,,,,,,3074.0
level 2 -2: commercial paper,,,,,,,,,,,,,,,,,2573.0
level 2 -2: corporate debt securities,,,,,,,,,,,,,,,,,123001.0
level 2 -2: ,,,,,,,,,,,,,,,,,121115.0
level 2 -2: municipal securities,,,,,,,,,,,,,,,,,946.0
level 2 -2: ,,,,,,,,,,,,,,,,,934.0
level 2 -2: mortgage- and asset-backed securities,,,,,,,,,,,,,,,,,18105.0
level 2 -2: ,,,,,,,,,,,,,,,,,17490.0
level 2 -2: subtotal,,,,,,,,,,,,,,,,,220723.0
level 2 -2: ,,,,,,,,,,,,,,,,,216759.0
level 2 -2: total -3,,,,,,,,,,,,,,,,,241180.0
level 2 -2: ,,,,,,,,,,,,,,,,,237100.0
level 2 -2: level 1 fair value estimates are based on quoted prices in active markets for identical assets or liabilities.,,,,,,,,,,,,,,,,,-2.0
level 2 -2: level 2 fair value estimates are based on observable inputs other than quoted prices in active markets for identical assets and liabilities quoted prices for identical or similar assets or liabilities in inactive markets or other inputs that are observable or can be corroborated by observable market data for substantially the full term of the assets or liabilities.,,,,,,,,,,,,,,,,,-3.0
total fair value of marketable debt securities,,,,,,,,,,,,,,,,,53336.0
total unrealized losses,,,,,,,,,,,,,,,,,-1153.0
total ,,,,,,,,,,,,,,,,,-2718.0
total ,,,,,,,,,,,,,,,,,-3871.0
total fair value of marketable securities,,,,,,,,,,,,,,,,,126238.0
total unrealized losses,,,,,,,,,,,,,,,,,-2400.0
total ,,,,,,,,,,,,,,,,,-1889.0
total ,,,,,,,,,,,,,,,,,-4289.0
derivative assets : foreign exchange contracts,,,,,,,,,,,,,,,,,1110.0
derivative assets : interest rate contracts,,,,,,,,,,,,,,,,,22.0
derivative liabilities -2: foreign exchange contracts,,,,,,,,,,,,,,,,,701.0
derivative liabilities -2: interest rate contracts,,,,,,,,,,,,,,,,,821.0
derivative assets : foreign exchange contracts,,,,,,,,,,,,,,,,,1015.0
derivative liabilities -2: foreign exchange contracts,,,,,,,,,,,,,,,,,543.0
derivative liabilities -2: interest rate contracts,,,,,,,,,,,,,,,,,1456.0
derivative liabilities -2: the fair value of derivative assets is measured using level 2 fair value inputs and is recorded as other current assets and other non-current assets in the condensed consolidated balance sheets.,,,,,,,,,,,,,,,,,-2.0
cash flow hedges: foreign exchange contracts,,,,,,,,,,,,,,,,,-478.0
cash flow hedges: ,,,,,,,,,,,,,,,,,153.0
cash flow hedges: interest rate contracts,,,,,,,,,,,,,,,,,1.0
cash flow hedges: total,,,,,,,,,,,,,,,,,-478.0
cash flow hedges: ,,,,,,,,,,,,,,,,,154.0
net investment hedges: foreign currency debt,,,,,,,,,,,,,,,,,-16.0
net investment hedges: ,,,,,,,,,,,,,,,,,2.0
cash flow hedges: foreign exchange contracts,,,,,,,,,,,,,,,,,-118.0
cash flow hedges: ,,,,,,,,,,,,,,,,,-124.0
 interest rate contracts,,,,,,,,,,,,,,,,,-1.0
 ,,,,,,,,,,,,,,,,,1.0
 total,,,,,,,,,,,,,,,,,-119.0
 ,,,,,,,,,,,,,,,,,-123.0
fair value hedges: foreign exchange contracts,,,,,,,,,,,,,,,,,402.0
fair value hedges: interest rate contracts,,,,,,,,,,,,,,,,,657.0
 total,,,,,,,,,,,,,,,,,1059.0
fair value hedges: marketable securities,,,,,,,,,,,,,,,,,-402.0
 fixed-rate debt,,,,,,,,,,,,,,,,,-657.0
 ,,,,,,,,,,,,,,,,,274.0
 total,,,,,,,,,,,,,,,,,-1059.0
 ,,,,,,,,,,,,,,,,,274.0
instruments designated as accounting hedges: foreign exchange contracts,,,,,,,,,,,,,,,,,56000.0
instruments designated as accounting hedges: interest rate contracts,,,,,,,,,,,,,,,,,33250.0
instruments not designated as accounting hedges: foreign exchange contracts,,,,,,,,,,,,,,,,,82013.0
september 29 2018 land and buildings,,,,,,,,,,,,,,,,,16352.0
september 29 2018 machinery equipment and internal-use software,,,,,,,,,,,,,,,,,66823.0
september 29 2018 leasehold improvements,,,,,,,,,,,,,,,,,8351.0
september 29 2018 gross property plant and equipment,,,,,,,,,,,,,,,,,91526.0
september 29 2018 accumulated depreciation and amortization,,,,,,,,,,,,,,,,,-51929.0
september 29 2018 ,,,,,,,,,,,,,,,,,-49099.0
 total property plant and equipment net,,,,,,,,,,,,,,,,,39597.0
september 29 2018 long-term taxes payable,,,,,,,,,,,,,,,,,30948.0
september 29 2018 other non-current liabilities,,,,,,,,,,,,,,,,,23607.0
september 29 2018 total other non-current liabilities,,,,,,,,,,,,,,,,,54555.0
december 30 2017 interest and dividend income,,,,,,,,,,,,,,,,,1307.0
december 30 2017 interest expense,,,,,,,,,,,,,,,,,-890.0
december 30 2017 ,,,,,,,,,,,,,,,,,-734.0
 other income net,,,,,,,,,,,,,,,,,143.0
 total other income/-expense net,,,,,,,,,,,,,,,,,560.0
maturities 90 days or less: proceeds from/-repayments of commercial paper net,,,,,,,,,,,,,,,,,2011.0
maturities greater than 90 days: proceeds from commercial paper,,,,,,,,,,,,,,,,,2166.0
maturities greater than 90 days: repayments of commercial paper,,,,,,,,,,,,,,,,,-4171.0
maturities greater than 90 days: ,,,,,,,,,,,,,,,,,-5060.0
 proceeds from/-repayments of commercial paper net,,,,,,,,,,,,,,,,,-2005.0
 ,,,,,,,,,,,,,,,,,-1619.0
 total change in commercial paper net,,,,,,,,,,,,,,,,,6.0
2013 debt issuance of $17.0 billion: fixed-rate 2.400% – 3.850% notes,,,,,,,,,,,,,,,,,2023.0
2013 debt issuance of $17.0 billion: –,,,,,,,,,,,,,,,,,2043.0
2.44% –,,,,,,,,,,,,,,,,,3.91
2.44% %,,,,,,,,,,,,,,,,,8500.0
2.44% –,,,,,,,,,,,,,,,,,3.91
2014 debt issuance of $12.0 billion: floating-rate notes,,,,,,,,,,,,,,,,,2019.0
2014 debt issuance of $12.0 billion: %,,,,,,,,,,,,,,,,,1000.0
% fixed-rate 2.100% – 4.450% notes,,,,,,,,,,,,,,,,,2019.0
% –,,,,,,,,,,,,,,,,,2044.0
2.89% –,,,,,,,,,,,,,,,,,4.48
2.89% %,,,,,,,,,,,,,,,,,8500.0
2.64% –,,,,,,,,,,,,,,,,,4.48
2015 debt issuances of $27.3 billion: floating-rate notes,,,,,,,,,,,,,,,,,2019.0
2015 debt issuances of $27.3 billion: –,,,,,,,,,,,,,,,,,2020.0
1.87% –,,,,,,,,,,,,,,,,,2.92
1.87% %,,,,,,,,,,,,,,,,,1507.0
1.87% –,,,,,,,,,,,,,,,,,2.64
% fixed-rate 0.350% – 4.375% notes,,,,,,,,,,,,,,,,,2019.0
% –,,,,,,,,,,,,,,,,,2045.0
0.28% –,,,,,,,,,,,,,,,,,4.51
0.28% %,,,,,,,,,,,,,,,,,24410.0
0.28% –,,,,,,,,,,,,,,,,,4.51
2016 debt issuances of $24.9 billion: floating-rate notes,,,,,,,,,,,,,,,,,2019.0
2016 debt issuances of $24.9 billion: –,,,,,,,,,,,,,,,,,2021.0
2.72% –,,,,,,,,,,,,,,,,,3.81
2.72% %,,,,,,,,,,,,,,,,,1350.0
2.48% –,,,,,,,,,,,,,,,,,3.44
% fixed-rate 1.100% – 4.650% notes,,,,,,,,,,,,,,,,,2019.0
% –,,,,,,,,,,,,,,,,,2046.0
1.13% –,,,,,,,,,,,,,,,,,4.78
1.13% %,,,,,,,,,,,,,,,,,23059.0
1.13% –,,,,,,,,,,,,,,,,,4.78
2017 debt issuances of $28.7 billion: floating-rate notes,,,,,,,,,,,,,,,,,2019.0
2017 debt issuances of $28.7 billion: –,,,,,,,,,,,,,,,,,2022.0
2.68% –,,,,,,,,,,,,,,,,,3.1
2.68% %,,,,,,,,,,,,,,,,,3250.0
2.41% –,,,,,,,,,,,,,,,,,2.84
% fixed-rate 0.875% – 4.300% notes,,,,,,,,,,,,,,,,,2019.0
% –,,,,,,,,,,,,,,,,,2047.0
1.54% –,,,,,,,,,,,,,,,,,4.3
1.54% %,,,,,,,,,,,,,,,,,25617.0
1.54% –,,,,,,,,,,,,,,,,,4.3
2018 debt issuance of $7.0 billion: fixed-rate 1.800% – 3.750% notes,,,,,,,,,,,,,,,,,2019.0
2018 debt issuance of $7.0 billion: –,,,,,,,,,,,,,,,,,2047.0
1.83% –,,,,,,,,,,,,,,,,,3.8
1.83% %,,,,,,,,,,,,,,,,,7000.0
1.83% –,,,,,,,,,,,,,,,,,3.8
% total term debt,,,,,,,,,,,,,,,,,103770.0
% unamortized premium/-discount and issuance costs net,,,,,,,,,,,,,,,,,-210.0
% ,,,,,,,,,,,,,,,,,-218.0
 hedge accounting fair value adjustments,,,,,,,,,,,,,,,,,-799.0
 ,,,,,,,,,,,,,,,,,-1456.0
 less: current portion of term debt,,,,,,,,,,,,,,,,,-9772.0
 ,,,,,,,,,,,,,,,,,-8784.0
 total non-current portion of term debt,,,,,,,,,,,,,,,,,92989.0
foreign exchange contracts total net sales,,,,,,,,,,,,,,,,,63.0
foreign exchange contracts total cost of sales,,,,,,,,,,,,,,,,,-375.0
foreign exchange contracts ,,,,,,,,,,,,,,,,,-27.0
 other income/-expense net,,,,,,,,,,,,,,,,,396.0
interest rate contracts other income/-expense net,,,,,,,,,,,,,,,,,1.0
interest rate contracts ,,,,,,,,,,,,,,,,,85.0
unrealized -gains/losses on marketable securities other income/-expense net,,,,,,,,,,,,,,,,,47.0
 total amounts reclassified from aoci,,,,,,,,,,,,,,,,,132.0
total balances as of september 29 2018,,,,,,,,,,,,,,,,,-1055.0
total ,,,,,,,,,,,,,,,,,810.0
total ,,,,,,,,,,,,,,,,,-3454.0
 other comprehensive income/-loss before reclassifications,,,,,,,,,,,,,,,,,-82.0
 ,,,,,,,,,,,,,,,,,-472.0
 ,,,,,,,,,,,,,,,,,140.0
 amounts reclassified from aoci,,,,,,,,,,,,,,,,,85.0
 tax effect,,,,,,,,,,,,,,,,,4.0
 ,,,,,,,,,,,,,,,,,59.0
 other comprehensive income/-loss,,,,,,,,,,,,,,,,,-78.0
 ,,,,,,,,,,,,,,,,,-292.0
 ,,,,,,,,,,,,,,,,,147.0
 cumulative effect of change in accounting principle,,,,,,,,,,,,,,,,,89.0
 balances as of december 29 2018,,,,,,,,,,,,,,,,,-1133.0
 ,,,,,,,,,,,,,,,,,518.0
 ,,,,,,,,,,,,,,,,,-3588.0
aggregatefair value-in millions balance as of september 29 2018,,,,,,,,,,,,,,,,,92155.0
aggregatefair value-in millions rsus granted,,,,,,,,,,,,,,,,,29228.0
aggregatefair value-in millions rsus vested,,,,,,,,,,,,,,,,,-18935.0
aggregatefair value-in millions ,,,,,,,,,,,,,,,,,124.36
aggregatefair value-in millions rsus canceled,,,,,,,,,,,,,,,,,-1147.0
aggregatefair value-in millions ,,,,,,,,,,,,,,,,,154.53
aggregatefair value-in millions balance as of december 29 2018,,,,,,,,,,,,,,,,,101301.0
december 30 2017 share-based compensation expense,,,,,,,,,,,,,,,,,1559.0
december 30 2017 income tax benefit related to share-based compensation expense,,,,,,,,,,,,,,,,,-750.0
december 30 2017 ,,,,,,,,,,,,,,,,,-631.0
december 30 2017 beginning accrued warranty and related costs,,,,,,,,,,,,,,,,,3692.0
december 30 2017 cost of warranty claims,,,,,,,,,,,,,,,,,-996.0
december 30 2017 ,,,,,,,,,,,,,,,,,-982.0
 accruals for product warranty,,,,,,,,,,,,,,,,,1123.0
 ending accrued warranty and related costs,,,,,,,,,,,,,,,,,3819.0
americas: net sales,,,,,,,,,,,,,,,,,36940.0
americas: operating income,,,,,,,,,,,,,,,,,11200.0
europe: net sales,,,,,,,,,,,,,,,,,20363.0
europe: operating income,,,,,,,,,,,,,,,,,6658.0
greater china: net sales,,,,,,,,,,,,,,,,,13169.0
greater china: operating income,,,,,,,,,,,,,,,,,5314.0
japan: net sales,,,,,,,,,,,,,,,,,6910.0
japan: operating income,,,,,,,,,,,,,,,,,3014.0
rest of asia pacific: net sales,,,,,,,,,,,,,,,,,6928.0
rest of asia pacific: operating income,,,,,,,,,,,,,,,,,2560.0
december 30 2017 segment operating income,,,,,,,,,,,,,,,,,28746.0
december 30 2017 research and development expense,,,,,,,,,,,,,,,,,-3902.0
december 30 2017 ,,,,,,,,,,,,,,,,,-3407.0
 other corporate expenses net,,,,,,,,,,,,,,,,,-1498.0
 ,,,,,,,,,,,,,,,,,-1093.0
 total operating income,,,,,,,,,,,,,,,,,23346.0
net sales by category: iphone,,,,,,,,,,,,,,,,,51982.0
% mac,,,,,,,,,,,,,,,,,7416.0
% ipad,,,,,,,,,,,,,,,,,6729.0
% wearables home and accessories -2,,,,,,,,,,,,,,,,,7308.0
% services -3,,,,,,,,,,,,,,,,,10875.0
% total net sales,,,,,,,,,,,,,,,,,84310.0
% products net sales include amortization of the deferred value of unspecified software upgrade rights which are bundled in the sales price of the respective product.,,,,,,,,,,,,,,,,,-2.0
% wearables home and accessories net sales include sales of airpods apple tv apple watch beats products homepod ipod touch and apple-branded and third-party accessories.,,,,,,,,,,,,,,,,,-3.0
net sales by reportable segment: americas,,,,,,,,,,,,,,,,,36940.0
% europe,,,,,,,,,,,,,,,,,20363.0
% greater china,,,,,,,,,,,,,,,,,13169.0
% japan,,,,,,,,,,,,,,,,,6910.0
% rest of asia pacific,,,,,,,,,,,,,,,,,6928.0
% total net sales,,,,,,,,,,,,,,,,,84310.0
gross margin: products,,,,,,,,,,,,,,,,,25197.0
gross margin: services,,,,,,,,,,,,,,,,,6834.0
gross margin: total gross margin,,,,,,,,,,,,,,,,,32031.0
gross margin percentage: products,,,,,,,,,,,,,,,,,34.3
gross margin percentage: %,,,,,,,,,,,,,,,,,36.1
% services,,,,,,,,,,,,,,,,,62.8
% %,,,,,,,,,,,,,,,,,58.3
% total gross margin percentage,,,,,,,,,,,,,,,,,38.0
% %,,,,,,,,,,,,,,,,,38.4
december 30 2017 research and development,,,,,,,,,,,,,,,,,3902.0
december 30 2017 percentage of total net sales,,,,,,,,,,,,,,,,,5.0
december 30 2017 %,,,,,,,,,,,,,,,,,4.0
% selling general and administrative,,,,,,,,,,,,,,,,,4783.0
% percentage of total net sales,,,,,,,,,,,,,,,,,6.0
% %,,,,,,,,,,,,,,,,,5.0
% total operating expenses,,,,,,,,,,,,,,,,,8685.0
% percentage of total net sales,,,,,,,,,,,,,,,,,10.0
% %,,,,,,,,,,,,,,,,,9.0
change interest and dividend income,,,,,,,,,,,,,,,,,1307.0
change interest expense,,,,,,,,,,,,,,,,,-890.0
change ,,,,,,,,,,,,,,,,,-734.0
 other income net,,,,,,,,,,,,,,,,,143.0
 total other income/-expense net,,,,,,,,,,,,,,,,,560.0
december 30 2017 provision for income taxes,,,,,,,,,,,,,,,,,3941.0
december 30 2017 effective tax rate,,,,,,,,,,,,,,,,,16.5
december 30 2017 %,,,,,,,,,,,,,,,,,25.8
% statutory federal income tax rate,,,,,,,,,,,,,,,,,21.0
% %,,,,,,,,,,,,,,,,,24.5
september 29 2018 cash cash equivalents and marketable securities,,,,,,,,,,,,,,,,,245035.0
september 29 2018 property plant and equipment net,,,,,,,,,,,,,,,,,39597.0
september 29 2018 commercial paper,,,,,,,,,,,,,,,,,11969.0
september 29 2018 total term debt,,,,,,,,,,,,,,,,,102761.0
september 29 2018 working capital,,,,,,,,,,,,,,,,,32545.0
december 30 2017 cash generated by operating activities,,,,,,,,,,,,,,,,,26690.0
december 30 2017 cash generated by/-used in investing activities,,,,,,,,,,,,,,,,,5844.0
 cash used in financing activities,,,,,,,,,,,,,,,,,-13676.0
 ,,,,,,,,,,,,,,,,,-7501.0
september 30 2018 to november 3 2018: open market and privately negotiated purchases,,,,,,,,,,,,,,,,,31343.0
november 4 2018 to december 1 2018: open market and privately negotiated purchases,,,,,,,,,,,,,,,,,6681.0
open market and privately negotiated purchases total,,,,,,,,,,,,,,,,,38024.0
