Name,Q1-2024,Q3-2023,Q2-2023,Q1-2023,Q3-2022,Q2-2022,Q1-2022,Q3-2021,Q2-2021,Q1-2021,Q3-2020,Q2-2020,Q1-2020,Q3-2019,Q2-2019
revenues: net earned premiums principally supplemental health insurance,3456.0,,,,,,,,,,,,,,
revenues: net investment income,1000.0,,,,,,,,,,,,,,
revenues: net investment gains -losses,951.0,,,,,,,,,,,,,,
revenues: other income -loss,29.0,,,,,,,,,,,,,,
revenues: total revenues,5436.0,,,,,,,,,,,,,,
benefits and expenses: benefits and claims excluding reserve remeasurement,2066.0,,,,,,,,,,,,,,
benefits and expenses: reserve remeasurement -gains losses,-56.0,,,,,,,,,,,,,,
benefits and expenses: total benefits and claims net,2010.0,,,,,,,,,,,,,,
acquisition and operating expenses: amortization of deferred policy acquisition costs,215.0,,,,,,,,,,,,,,
acquisition and operating expenses: insurance commissions,255.0,,,,,,,,,,,,,,
acquisition and operating expenses: insurance and other expenses,739.0,,,,,,,,,,,,,,
acquisition and operating expenses: interest expense,47.0,,,,,,,,,,,,,,
acquisition and operating expenses: total acquisition and operating expenses,1256.0,,,,,,,,,,,,,,
acquisition and operating expenses: total benefits and expenses,3266.0,,,,,,,,,,,,,,
acquisition and operating expenses: earnings before income taxes,2170.0,,,,,,,,,,,,,,
acquisition and operating expenses: income taxes,291.0,,,,,,,,,,,,,,
acquisition and operating expenses: net earnings,1879.0,,,,,,,,,,,,,,
net earnings per share: basic,3.27,,,,,,,,,,,,,,
net earnings per share: diluted,3.25,,,,,,,,,,,,,,
weighted-average outstanding common shares used in   computing earnings per share -in thousands: basic,574886.0,,,,,,,,,,,,,,
weighted-average outstanding common shares used in   computing earnings per share -in thousands: diluted,577482.0,,,,,,,,,,,,,,
weighted-average outstanding common shares used in   computing earnings per share -in thousands: cash dividends per share,0.5,,,,,,,,,,,,,,
weighted-average outstanding common shares used in   computing earnings per share -in thousands: see the accompanying notes to the consolidated financial statements.,1.0,,,,,,,,,,,,,,
three months ended march 31 -in millions - unaudited,2024.0,,,,,,,,,,,,,,
three months ended march 31 net earnings,1879.0,,,,,,,,,,,,,,
other comprehensive income -loss before income taxes: unrealized foreign currency translation gains -losses during    period,-501.0,,,,,,,,,,,,,,
unrealized gains -losses on fixed maturity securities: unrealized holding gains -losses on fixed maturity securities    during period,103.0,,,,,,,,,,,,,,
unrealized gains -losses on fixed maturity securities: reclassification adjustment for -gains losses on    fixed maturity securities included in net earnings,-168.0,,,,,,,,,,,,,,
unrealized gains -losses on fixed maturity securities: unrealized gains -losses on derivatives during period,-5.0,,,,,,,,,,,,,,
unrealized gains -losses on fixed maturity securities: effect of changes in discount rate assumptions during period,1348.0,,,,,,,,,,,,,,
unrealized gains -losses on fixed maturity securities: pension liability adjustment during period,2.0,,,,,,,,,,,,,,
unrealized gains -losses on fixed maturity securities: total other comprehensive income -loss before income taxes,779.0,,,,,,,,,,,,,,
unrealized gains -losses on fixed maturity securities: income tax expense -benefit related to items of other comprehensive    income -loss,361.0,,,,,,,,,,,,,,
unrealized gains -losses on fixed maturity securities: other comprehensive income -loss net of income taxes,418.0,,,,,,,,,,,,,,
unrealized gains -losses on fixed maturity securities: total comprehensive income -loss,2297.0,,,,,,,,,,,,,,
unrealized gains -losses on fixed maturity securities: see the accompanying notes to the consolidated financial statements.,2.0,,,,,,,,,,,,,,
revenues: net earned premiums principally supplemental health insurance,,3476.0,,,,,,,,,,,,,
revenues: net investment income,,1004.0,,,,,,,,,,,,,
revenues: net investment gains -losses,,423.0,,,,,,,,,,,,,
revenues: other income -loss,,47.0,,,,,,,,,,,,,
revenues: total revenues,,4950.0,,,,,,,,,,,,,
benefits and expenses: benefits and claims excluding reserve remeasurement,,2065.0,,,,,,,,,,,,,
benefits and expenses: reserve remeasurement -gains losses,,-205.0,,,,,,,,,,,,,
benefits and expenses: total benefits and claims net,,1860.0,,,,,,,,,,,,,
acquisition and operating expenses: amortization of deferred policy acquisition costs,,201.0,,,,,,,,,,,,,
acquisition and operating expenses: insurance commissions,,250.0,,,,,,,,,,,,,
acquisition and operating expenses: insurance and other expenses,,785.0,,,,,,,,,,,,,
acquisition and operating expenses: interest expense,,49.0,,,,,,,,,,,,,
acquisition and operating expenses: total acquisition and operating expenses,,1285.0,,,,,,,,,,,,,
acquisition and operating expenses: total benefits and expenses,,3145.0,,,,,,,,,,,,,
acquisition and operating expenses: earnings before income taxes,,1805.0,,,,,,,,,,,,,
acquisition and operating expenses: income taxes,,236.0,,,,,,,,,,,,,
acquisition and operating expenses: net earnings,,1569.0,,,,,,,,,,,,,
net earnings per share: basic,,2.65,,,,,,,,,,,,,
net earnings per share: diluted,,2.64,,,,,,,,,,,,,
weighted-average outstanding common shares used in   computing earnings per share -in thousands: basic,,591246.0,,,,,,,,,,,,,
weighted-average outstanding common shares used in   computing earnings per share -in thousands: diluted,,593596.0,,,,,,,,,,,,,
weighted-average outstanding common shares used in   computing earnings per share -in thousands: cash dividends per share,,0.42,,,,,,,,,,,,,
prior-year amounts have been adjusted for the adoption of accounting guidance on january 1 2023 related to accounting for long-duration insurance contracts. see the accompanying notes to the consolidated financial statements.,,1.0,,,,,,,,,,,,,
nine months ended september 30 -in millions - unaudited,,2023.0,,,,,,,,,,,,,
nine months ended september 30 net earnings,,1569.0,,,,,,,,,,,,,
other comprehensive income -loss before income taxes: unrealized foreign currency translation gains -losses during    period,,-194.0,,,,,,,,,,,,,
unrealized gains -losses on fixed maturity securities: unrealized holding gains -losses on fixed maturity securities    during period,,-2978.0,,,,,,,,,,,,,
unrealized gains -losses on fixed maturity securities: reclassification adjustment for -gains losses on    fixed maturity securities included in net earnings,,-41.0,,,,,,,,,,,,,
unrealized gains -losses on fixed maturity securities: unrealized gains -losses on derivatives during period,,1.0,,,,,,,,,,,,,
unrealized gains -losses on fixed maturity securities: effect of changes in discount rate assumptions during period,,5309.0,,,,,,,,,,,,,
unrealized gains -losses on fixed maturity securities: pension liability adjustment during period,,1.0,,,,,,,,,,,,,
unrealized gains -losses on fixed maturity securities: total other comprehensive income -loss before income taxes,,2098.0,,,,,,,,,,,,,
unrealized gains -losses on fixed maturity securities: income tax expense -benefit related to items of other comprehensive    income -loss,,520.0,,,,,,,,,,,,,
unrealized gains -losses on fixed maturity securities: other comprehensive income -loss net of income taxes,,1578.0,,,,,,,,,,,,,
unrealized gains -losses on fixed maturity securities: total comprehensive income -loss,,3147.0,,,,,,,,,,,,,
prior-year amounts have been adjusted for the adoption of accounting guidance on january 1 2023 related to accounting for long-duration insurance contracts. see the accompanying notes to the consolidated financial statements.,,2.0,,,,,,,,,,,,,
revenues: net earned premiums principally supplemental health insurance,,,3573.0,,,,,,,,,,,,
revenues: net investment income,,,999.0,,,,,,,,,,,,
revenues: net investment gains -losses,,,555.0,,,,,,,,,,,,
revenues: other income -loss,,,45.0,,,,,,,,,,,,
revenues: total revenues,,,5172.0,,,,,,,,,,,,
benefits and expenses: benefits and claims excluding reserve remeasurement,,,2152.0,,,,,,,,,,,,
benefits and expenses: reserve remeasurement -gains losses,,,-54.0,,,,,,,,,,,,
benefits and expenses: total benefits and claims net,,,2098.0,,,,,,,,,,,,
acquisition and operating expenses: amortization of deferred policy acquisition costs,,,202.0,,,,,,,,,,,,
acquisition and operating expenses: insurance commissions,,,268.0,,,,,,,,,,,,
acquisition and operating expenses: insurance and other expenses,,,728.0,,,,,,,,,,,,
acquisition and operating expenses: interest expense,,,51.0,,,,,,,,,,,,
acquisition and operating expenses: total acquisition and operating expenses,,,1249.0,,,,,,,,,,,,
acquisition and operating expenses: total benefits and expenses,,,3347.0,,,,,,,,,,,,
acquisition and operating expenses: earnings before income taxes,,,1825.0,,,,,,,,,,,,
acquisition and operating expenses: income taxes,,,191.0,,,,,,,,,,,,
acquisition and operating expenses: net earnings,,,1634.0,,,,,,,,,,,,
net earnings per share: basic,,,2.72,,,,,,,,,,,,
net earnings per share: diluted,,,2.71,,,,,,,,,,,,
weighted-average outstanding common shares used in   computing earnings per share -in thousands: basic,,,600742.0,,,,,,,,,,,,
weighted-average outstanding common shares used in   computing earnings per share -in thousands: diluted,,,602929.0,,,,,,,,,,,,
weighted-average outstanding common shares used in   computing earnings per share -in thousands: cash dividends per share,,,0.42,,,,,,,,,,,,
prior-year amounts have been adjusted for the adoption of accounting guidance on january 1 2023 related to accounting for long-duration insurance contracts. see the accompanying notes to the consolidated financial statements.,,,1.0,,,,,,,,,,,,
six months ended june 30 -in millions - unaudited,,,2023.0,,,,,,,,,,,,
six months ended june 30 net earnings,,,1634.0,,,,,,,,,,,,
other comprehensive income -loss before income taxes: unrealized foreign currency translation gains -losses during    period,,,-439.0,,,,,,,,,,,,
unrealized gains -losses on fixed maturity securities: unrealized holding gains -losses on fixed maturity securities    during period,,,890.0,,,,,,,,,,,,
unrealized gains -losses on fixed maturity securities: reclassification adjustment for -gains losses on    fixed maturity securities included in net earnings,,,-27.0,,,,,,,,,,,,
unrealized gains -losses on fixed maturity securities: unrealized gains -losses on derivatives during period,,,1.0,,,,,,,,,,,,
unrealized gains -losses on fixed maturity securities: effect of changes in discount rate assumptions during period,,,-209.0,,,,,,,,,,,,
unrealized gains -losses on fixed maturity securities: pension liability adjustment during period,,,58.0,,,,,,,,,,,,
unrealized gains -losses on fixed maturity securities: total other comprehensive income -loss before income taxes,,,274.0,,,,,,,,,,,,
unrealized gains -losses on fixed maturity securities: income tax expense -benefit related to items of other comprehensive    income -loss,,,334.0,,,,,,,,,,,,
unrealized gains -losses on fixed maturity securities: other comprehensive income -loss net of income taxes,,,-60.0,,,,,,,,,,,,
unrealized gains -losses on fixed maturity securities: total comprehensive income -loss,,,1574.0,,,,,,,,,,,,
prior-year amounts have been adjusted for the adoption of accounting guidance on january 1 2023 related to accounting for long-duration insurance contracts. see the accompanying notes to the consolidated financial statements.,,,2.0,,,,,,,,,,,,
revenues: net earned premiums principally supplemental health insurance,,,,3688.0,,,,,,,,,,,
revenues: net investment income,,,,943.0,,,,,,,,,,,
revenues: net investment gains -losses,,,,123.0,,,,,,,,,,,
revenues: other income -loss,,,,46.0,,,,,,,,,,,
revenues: total revenues,,,,4800.0,,,,,,,,,,,
benefits and expenses: benefits and claims excluding reserve remeasurement,,,,2203.0,,,,,,,,,,,
benefits and expenses: reserve remeasurement -gains losses,,,,-53.0,,,,,,,,,,,
benefits and expenses: total benefits and claims net,,,,2150.0,,,,,,,,,,,
acquisition and operating expenses: amortization of deferred policy acquisition costs,,,,205.0,,,,,,,,,,,
acquisition and operating expenses: insurance commissions,,,,280.0,,,,,,,,,,,
acquisition and operating expenses: insurance and other expenses,,,,775.0,,,,,,,,,,,
acquisition and operating expenses: interest expense,,,,48.0,,,,,,,,,,,
acquisition and operating expenses: total acquisition and operating expenses,,,,1308.0,,,,,,,,,,,
acquisition and operating expenses: total benefits and expenses,,,,3458.0,,,,,,,,,,,
acquisition and operating expenses: earnings before income taxes,,,,1342.0,,,,,,,,,,,
acquisition and operating expenses: income taxes,,,,154.0,,,,,,,,,,,
acquisition and operating expenses: net earnings,,,,1188.0,,,,,,,,,,,
net earnings per share: basic,,,,1.94,,,,,,,,,,,
net earnings per share: diluted,,,,1.94,,,,,,,,,,,
weighted-average outstanding common shares used in   computing earnings per share -in thousands: basic,,,,611205.0,,,,,,,,,,,
weighted-average outstanding common shares used in   computing earnings per share -in thousands: diluted,,,,613950.0,,,,,,,,,,,
weighted-average outstanding common shares used in   computing earnings per share -in thousands: cash dividends per share,,,,0.42,,,,,,,,,,,
prior-year amounts have been adjusted for the adoption of accounting guidance on january 1 2023 related to accounting for long-duration insurance contracts. see the accompanying notes to the consolidated financial statements.,,,,1.0,,,,,,,,,,,
three months ended march 31 -in millions - unaudited,,,,2023.0,,,,,,,,,,,
three months ended march 31 net earnings,,,,1188.0,,,,,,,,,,,
other comprehensive income -loss before income taxes: unrealized foreign currency translation gains -losses during    period,,,,-43.0,,,,,,,,,,,
unrealized gains -losses on fixed maturity securities: unrealized holding gains -losses on fixed maturity securities    during period,,,,2578.0,,,,,,,,,,,
unrealized gains -losses on fixed maturity securities: reclassification adjustment for -gains losses on    fixed maturity securities included in net earnings,,,,-57.0,,,,,,,,,,,
unrealized gains -losses on fixed maturity securities: unrealized gains -losses on derivatives during period,,,,1.0,,,,,,,,,,,
unrealized gains -losses on fixed maturity securities: effect of changes in discount rate assumptions during period,,,,-3537.0,,,,,,,,,,,
unrealized gains -losses on fixed maturity securities: pension liability adjustment during period,,,,9.0,,,,,,,,,,,
unrealized gains -losses on fixed maturity securities: total other comprehensive income -loss before income taxes,,,,-1049.0,,,,,,,,,,,
unrealized gains -losses on fixed maturity securities: income tax expense -benefit related to items of other comprehensive    income -loss,,,,-200.0,,,,,,,,,,,
unrealized gains -losses on fixed maturity securities: other comprehensive income -loss net of income taxes,,,,-849.0,,,,,,,,,,,
unrealized gains -losses on fixed maturity securities: total comprehensive income -loss,,,,339.0,,,,,,,,,,,
prior-year amounts have been adjusted for the adoption of accounting guidance on january 1 2023 related to accounting for long-duration insurance contracts. see the accompanying notes to the consolidated financial statements.,,,,2.0,,,,,,,,,,,
revenues: net earned premiums principally supplemental health insurance,,,,,3651.0,,,,,,,,,,
revenues: net investment income,,,,,920.0,,,,,,,,,,
revenues: net investment gains -losses,,,,,199.0,,,,,,,,,,
revenues: other income -loss,,,,,50.0,,,,,,,,,,
revenues: total revenues,,,,,4820.0,,,,,,,,,,
benefits and expenses: benefits and claims net,,,,,2340.0,,,,,,,,,,
acquisition and operating expenses: amortization of deferred policy acquisition costs,,,,,268.0,,,,,,,,,,
acquisition and operating expenses: insurance commissions,,,,,267.0,,,,,,,,,,
acquisition and operating expenses: insurance and other expenses,,,,,783.0,,,,,,,,,,
acquisition and operating expenses: interest expense,,,,,59.0,,,,,,,,,,
acquisition and operating expenses: total acquisition and operating expenses,,,,,1377.0,,,,,,,,,,
acquisition and operating expenses: total benefits and expenses,,,,,3717.0,,,,,,,,,,
acquisition and operating expenses: earnings before income taxes,,,,,1103.0,,,,,,,,,,
acquisition and operating expenses: income taxes,,,,,-493.0,,,,,,,,,,
acquisition and operating expenses: net earnings,,,,,1596.0,,,,,,,,,,
net earnings per share: basic,,,,,2.54,,,,,,,,,,
net earnings per share: diluted,,,,,2.53,,,,,,,,,,
weighted-average outstanding common shares used in   computing earnings per share -in thousands: basic,,,,,629350.0,,,,,,,,,,
weighted-average outstanding common shares used in   computing earnings per share -in thousands: diluted,,,,,631946.0,,,,,,,,,,
weighted-average outstanding common shares used in   computing earnings per share -in thousands: cash dividends per share,,,,,0.4,,,,,,,,,,
includes expense of $48 in the nine-month period ended september 30 2021 for the early extinguishment of debt. see the accompanying notes to the consolidated financial statements.,,,,,1.0,,,,,,,,,,
nine months ended september 30 -in millions - unaudited,,,,,2022.0,,,,,,,,,,
nine months ended september 30 net earnings,,,,,1596.0,,,,,,,,,,
other comprehensive income -loss before income taxes: unrealized foreign currency translation gains -losses during    period,,,,,-447.0,,,,,,,,,,
unrealized gains -losses on fixed maturity securities: unrealized holding gains -losses on fixed maturity securities    during period,,,,,-2220.0,,,,,,,,,,
unrealized gains -losses on fixed maturity securities: reclassification adjustment for -gains losses on    fixed maturity securities included in net earnings,,,,,-58.0,,,,,,,,,,
unrealized gains -losses on fixed maturity securities: unrealized gains -losses on derivatives during period,,,,,1.0,,,,,,,,,,
unrealized gains -losses on fixed maturity securities: pension liability adjustment during period,,,,,2.0,,,,,,,,,,
unrealized gains -losses on fixed maturity securities: total other comprehensive income -loss before income taxes,,,,,-2722.0,,,,,,,,,,
unrealized gains -losses on fixed maturity securities: income tax expense -benefit related to items of other comprehensive    income -loss,,,,,241.0,,,,,,,,,,
unrealized gains -losses on fixed maturity securities: other comprehensive income -loss net of income taxes,,,,,-2963.0,,,,,,,,,,
unrealized gains -losses on fixed maturity securities: total comprehensive income -loss,,,,,-1367.0,,,,,,,,,,
unrealized gains -losses on fixed maturity securities: see the accompanying notes to the consolidated financial statements.,,,,,2.0,,,,,,,,,,
revenues: net earned premiums principally supplemental health insurance,,,,,,3849.0,,,,,,,,,
revenues: net investment income,,,,,,937.0,,,,,,,,,
revenues: net investment gains -losses,,,,,,564.0,,,,,,,,,
revenues: other income -loss,,,,,,50.0,,,,,,,,,
revenues: total revenues,,,,,,5400.0,,,,,,,,,
benefits and expenses: benefits and claims net,,,,,,2298.0,,,,,,,,,
acquisition and operating expenses: amortization of deferred policy acquisition costs,,,,,,268.0,,,,,,,,,
acquisition and operating expenses: insurance commissions,,,,,,279.0,,,,,,,,,
acquisition and operating expenses: insurance and other expenses,,,,,,799.0,,,,,,,,,
acquisition and operating expenses: interest expense,,,,,,55.0,,,,,,,,,
acquisition and operating expenses: total acquisition and operating expenses,,,,,,1401.0,,,,,,,,,
acquisition and operating expenses: total benefits and expenses,,,,,,3699.0,,,,,,,,,
acquisition and operating expenses: earnings before income taxes,,,,,,1701.0,,,,,,,,,
acquisition and operating expenses: income taxes,,,,,,313.0,,,,,,,,,
acquisition and operating expenses: net earnings,,,,,,1388.0,,,,,,,,,
net earnings per share: basic,,,,,,2.17,,,,,,,,,
net earnings per share: diluted,,,,,,2.16,,,,,,,,,
weighted-average outstanding common shares used in   computing earnings per share -in thousands: basic,,,,,,640707.0,,,,,,,,,
weighted-average outstanding common shares used in   computing earnings per share -in thousands: diluted,,,,,,643243.0,,,,,,,,,
weighted-average outstanding common shares used in   computing earnings per share -in thousands: cash dividends per share,,,,,,0.4,,,,,,,,,
includes expense of $48 in the three- and six-month periods ended june 30 2021 for the early extinguishment of debt. see the accompanying notes to the consolidated financial statements.,,,,,,1.0,,,,,,,,,
six months ended june 30 -in millions - unaudited,,,,,,2022.0,,,,,,,,,
six months ended june 30 net earnings,,,,,,1388.0,,,,,,,,,
other comprehensive income -loss before income taxes: unrealized foreign currency translation gains -losses during    period,,,,,,-779.0,,,,,,,,,
unrealized gains -losses on fixed maturity securities: unrealized holding gains -losses on fixed maturity securities    during period,,,,,,-3503.0,,,,,,,,,
unrealized gains -losses on fixed maturity securities: reclassification adjustment for -gains losses on    fixed maturity securities included in net earnings,,,,,,-114.0,,,,,,,,,
unrealized gains -losses on fixed maturity securities: unrealized gains -losses on derivatives during period,,,,,,0.0,,,,,,,,,
unrealized gains -losses on fixed maturity securities: pension liability adjustment during period,,,,,,5.0,,,,,,,,,
unrealized gains -losses on fixed maturity securities: total other comprehensive income -loss before income taxes,,,,,,-4391.0,,,,,,,,,
unrealized gains -losses on fixed maturity securities: income tax expense -benefit related to items of other comprehensive    income -loss,,,,,,-730.0,,,,,,,,,
unrealized gains -losses on fixed maturity securities: other comprehensive income -loss net of income taxes,,,,,,-3661.0,,,,,,,,,
unrealized gains -losses on fixed maturity securities: total comprehensive income -loss,,,,,,-2273.0,,,,,,,,,
unrealized gains -losses on fixed maturity securities: see the accompanying notes to the consolidated financial statements.,,,,,,2.0,,,,,,,,,
revenues: net earned premiums principally supplemental health insurance,,,,,,,4178.0,,,,,,,,
revenues: net investment income,,,,,,,903.0,,,,,,,,
revenues: net investment gains -losses,,,,,,,122.0,,,,,,,,
revenues: other income -loss,,,,,,,69.0,,,,,,,,
revenues: total revenues,,,,,,,5272.0,,,,,,,,
benefits and expenses: benefits and claims net,,,,,,,2487.0,,,,,,,,
acquisition and operating expenses: amortization of deferred policy acquisition costs,,,,,,,322.0,,,,,,,,
acquisition and operating expenses: insurance commissions,,,,,,,300.0,,,,,,,,
acquisition and operating expenses: insurance and other expenses,,,,,,,831.0,,,,,,,,
acquisition and operating expenses: interest expense,,,,,,,56.0,,,,,,,,
acquisition and operating expenses: total acquisition and operating expenses,,,,,,,1509.0,,,,,,,,
acquisition and operating expenses: total benefits and expenses,,,,,,,3996.0,,,,,,,,
acquisition and operating expenses: earnings before income taxes,,,,,,,1276.0,,,,,,,,
acquisition and operating expenses: income taxes,,,,,,,244.0,,,,,,,,
acquisition and operating expenses: net earnings,,,,,,,1032.0,,,,,,,,
net earnings per share: basic,,,,,,,1.59,,,,,,,,
net earnings per share: diluted,,,,,,,1.58,,,,,,,,
weighted-average outstanding common shares used in   computing earnings per share -in thousands: basic,,,,,,,649753.0,,,,,,,,
weighted-average outstanding common shares used in   computing earnings per share -in thousands: diluted,,,,,,,652827.0,,,,,,,,
weighted-average outstanding common shares used in   computing earnings per share -in thousands: cash dividends per share,,,,,,,0.4,,,,,,,,
weighted-average outstanding common shares used in   computing earnings per share -in thousands: see the accompanying notes to the consolidated financial statements.,,,,,,,1.0,,,,,,,,
three months ended march 31 -in millions - unaudited,,,,,,,2022.0,,,,,,,,
three months ended march 31 net earnings,,,,,,,1032.0,,,,,,,,
other comprehensive income -loss before income taxes: unrealized foreign currency translation gains -losses during    period,,,,,,,-467.0,,,,,,,,
unrealized gains -losses on fixed maturity securities: unrealized holding gains -losses on fixed maturity securities    during period,,,,,,,-4752.0,,,,,,,,
unrealized gains -losses on fixed maturity securities: reclassification adjustment for -gains losses on    fixed maturity securities included in net earnings,,,,,,,-77.0,,,,,,,,
unrealized gains -losses on fixed maturity securities: unrealized gains -losses on derivatives during period,,,,,,,1.0,,,,,,,,
unrealized gains -losses on fixed maturity securities: pension liability adjustment during period,,,,,,,3.0,,,,,,,,
unrealized gains -losses on fixed maturity securities: total other comprehensive income -loss before income taxes,,,,,,,-5292.0,,,,,,,,
unrealized gains -losses on fixed maturity securities: income tax expense -benefit related to items of other comprehensive    income -loss,,,,,,,-1012.0,,,,,,,,
unrealized gains -losses on fixed maturity securities: other comprehensive income -loss net of income taxes,,,,,,,-4280.0,,,,,,,,
unrealized gains -losses on fixed maturity securities: total comprehensive income -loss,,,,,,,-3248.0,,,,,,,,
unrealized gains -losses on fixed maturity securities: see the accompanying notes to the consolidated financial statements.,,,,,,,2.0,,,,,,,,
revenues: net premiums principally supplemental health insurance,,,,,,,,4372.0,,,,,,,
revenues: net investment income,,,,,,,,991.0,,,,,,,
revenues: net investment gains -losses,,,,,,,,-171.0,,,,,,,
revenues: other income -loss,,,,,,,,45.0,,,,,,,
revenues: total revenues,,,,,,,,5237.0,,,,,,,
benefits and expenses: benefits and claims net,,,,,,,,2609.0,,,,,,,
acquisition and operating expenses: amortization of deferred policy acquisition costs,,,,,,,,278.0,,,,,,,
acquisition and operating expenses: insurance commissions,,,,,,,,311.0,,,,,,,
acquisition and operating expenses: insurance and other expenses,,,,,,,,869.0,,,,,,,
acquisition and operating expenses: interest expense,,,,,,,,57.0,,,,,,,
acquisition and operating expenses: total acquisition and operating expenses,,,,,,,,1515.0,,,,,,,
acquisition and operating expenses: total benefits and expenses,,,,,,,,4124.0,,,,,,,
acquisition and operating expenses: earnings before income taxes,,,,,,,,1113.0,,,,,,,
acquisition and operating expenses: income taxes,,,,,,,,225.0,,,,,,,
acquisition and operating expenses: net earnings,,,,,,,,888.0,,,,,,,
net earnings per share: basic,,,,,,,,1.33,,,,,,,
net earnings per share: diluted,,,,,,,,1.32,,,,,,,
weighted-average outstanding common shares used in   computing earnings per share -in thousands: basic,,,,,,,,668762.0,,,,,,,
weighted-average outstanding common shares used in   computing earnings per share -in thousands: diluted,,,,,,,,671925.0,,,,,,,
weighted-average outstanding common shares used in   computing earnings per share -in thousands: cash dividends per share,,,,,,,,0.33,,,,,,,
includes expense of $48 and $15 for the nine-month periods ended september 30 2021 and 2020 respectively for the early extinguishment of debt. see the accompanying notes to the consolidated financial statements.,,,,,,,,1.0,,,,,,,
nine months ended september 30 -in millions - unaudited,,,,,,,,2021.0,,,,,,,
nine months ended september 30 net earnings,,,,,,,,888.0,,,,,,,
other comprehensive income -loss before income taxes: unrealized foreign currency translation gains -losses during    period,,,,,,,,-93.0,,,,,,,
unrealized gains -losses on fixed maturity securities: unrealized holding gains -losses on fixed maturity securities    during period,,,,,,,,-316.0,,,,,,,
unrealized gains -losses on fixed maturity securities: reclassification adjustment for -gains losses on    fixed maturity securities included in net earnings,,,,,,,,-13.0,,,,,,,
unrealized gains -losses on fixed maturity securities: unrealized gains -losses on derivatives during period,,,,,,,,2.0,,,,,,,
unrealized gains -losses on fixed maturity securities: pension liability adjustment during period,,,,,,,,1.0,,,,,,,
unrealized gains -losses on fixed maturity securities: total other comprehensive income -loss before income taxes,,,,,,,,-419.0,,,,,,,
unrealized gains -losses on fixed maturity securities: income tax expense -benefit related to items of other comprehensive    income -loss,,,,,,,,-62.0,,,,,,,
unrealized gains -losses on fixed maturity securities: other comprehensive income -loss net of income taxes,,,,,,,,-357.0,,,,,,,
unrealized gains -losses on fixed maturity securities: total comprehensive income -loss,,,,,,,,531.0,,,,,,,
unrealized gains -losses on fixed maturity securities: see the accompanying notes to the consolidated financial statements.,,,,,,,,2.0,,,,,,,
revenues: net premiums principally supplemental health insurance,,,,,,,,,4441.0,,,,,,
revenues: net investment income,,,,,,,,,993.0,,,,,,
revenues: net investment gains -losses,,,,,,,,,89.0,,,,,,
revenues: other income -loss,,,,,,,,,41.0,,,,,,
revenues: total revenues,,,,,,,,,5564.0,,,,,,
benefits and expenses: benefits and claims net,,,,,,,,,2653.0,,,,,,
acquisition and operating expenses: amortization of deferred policy acquisition costs,,,,,,,,,280.0,,,,,,
acquisition and operating expenses: insurance commissions,,,,,,,,,315.0,,,,,,
acquisition and operating expenses: insurance and other expenses,,,,,,,,,881.0,,,,,,
acquisition and operating expenses: interest expense,,,,,,,,,62.0,,,,,,
acquisition and operating expenses: total acquisition and operating expenses,,,,,,,,,1538.0,,,,,,
acquisition and operating expenses: total benefits and expenses,,,,,,,,,4191.0,,,,,,
acquisition and operating expenses: earnings before income taxes,,,,,,,,,1373.0,,,,,,
acquisition and operating expenses: income taxes,,,,,,,,,268.0,,,,,,
acquisition and operating expenses: net earnings,,,,,,,,,1105.0,,,,,,
net earnings per share: basic,,,,,,,,,1.63,,,,,,
net earnings per share: diluted,,,,,,,,,1.62,,,,,,
weighted-average outstanding common shares used in   computing earnings per share -in thousands: basic,,,,,,,,,678050.0,,,,,,
weighted-average outstanding common shares used in   computing earnings per share -in thousands: diluted,,,,,,,,,680920.0,,,,,,
weighted-average outstanding common shares used in   computing earnings per share -in thousands: cash dividends per share,,,,,,,,,0.33,,,,,,
includes expense of $48 for the three- and six-month periods ended june 30 2021 and $15 for the six-month period ended june 30 2020 for the early extinguishment of debt. see the accompanying notes to the consolidated financial statements.,,,,,,,,,1.0,,,,,,
six months ended june 30 -in millions - unaudited,,,,,,,,,2021.0,,,,,,
six months ended june 30 net earnings,,,,,,,,,1105.0,,,,,,
other comprehensive income -loss before income taxes: unrealized foreign currency translation gains -losses during    period,,,,,,,,,25.0,,,,,,
unrealized gains -losses on fixed maturity securities: unrealized holding gains -losses on fixed maturity securities    during period,,,,,,,,,1522.0,,,,,,
unrealized gains -losses on fixed maturity securities: reclassification adjustment for -gains losses on    fixed maturity securities included in net earnings,,,,,,,,,-5.0,,,,,,
unrealized gains -losses on fixed maturity securities: unrealized gains -losses on derivatives during period,,,,,,,,,1.0,,,,,,
unrealized gains -losses on fixed maturity securities: pension liability adjustment during period,,,,,,,,,0.0,,,,,,
unrealized gains -losses on fixed maturity securities: total other comprehensive income -loss before income taxes,,,,,,,,,1543.0,,,,,,
unrealized gains -losses on fixed maturity securities: income tax expense -benefit related to items of other comprehensive    income -loss,,,,,,,,,331.0,,,,,,
unrealized gains -losses on fixed maturity securities: other comprehensive income -loss net of income taxes,,,,,,,,,1212.0,,,,,,
unrealized gains -losses on fixed maturity securities: total comprehensive income -loss,,,,,,,,,2317.0,,,,,,
unrealized gains -losses on fixed maturity securities: see the accompanying notes to the consolidated financial statements.,,,,,,,,,2.0,,,,,,
revenues: net premiums principally supplemental health insurance,,,,,,,,,,4593.0,,,,,
revenues: net investment income,,,,,,,,,,925.0,,,,,
revenues: net investment gains -losses,,,,,,,,,,307.0,,,,,
revenues: other income -loss,,,,,,,,,,44.0,,,,,
revenues: total revenues,,,,,,,,,,5869.0,,,,,
benefits and expenses: benefits and claims net,,,,,,,,,,2735.0,,,,,
acquisition and operating expenses: amortization of deferred policy acquisition costs,,,,,,,,,,311.0,,,,,
acquisition and operating expenses: insurance commissions,,,,,,,,,,326.0,,,,,
acquisition and operating expenses: insurance and other expenses,,,,,,,,,,832.0,,,,,
acquisition and operating expenses: interest expense,,,,,,,,,,62.0,,,,,
acquisition and operating expenses: total acquisition and operating expenses,,,,,,,,,,1531.0,,,,,
acquisition and operating expenses: total benefits and expenses,,,,,,,,,,4266.0,,,,,
acquisition and operating expenses: earnings before income taxes,,,,,,,,,,1603.0,,,,,
acquisition and operating expenses: income taxes,,,,,,,,,,310.0,,,,,
acquisition and operating expenses: net earnings,,,,,,,,,,1293.0,,,,,
net earnings per share: basic,,,,,,,,,,1.88,,,,,
net earnings per share: diluted,,,,,,,,,,1.87,,,,,
weighted-average outstanding common shares used in   computing earnings per share -in thousands: basic,,,,,,,,,,688938.0,,,,,
weighted-average outstanding common shares used in   computing earnings per share -in thousands: diluted,,,,,,,,,,691940.0,,,,,
weighted-average outstanding common shares used in   computing earnings per share -in thousands: cash dividends per share,,,,,,,,,,0.33,,,,,
includes expense of $15 for the early extinguishment of debt see the accompanying notes to the consolidated financial statements.,,,,,,,,,,1.0,,,,,
three months ended march 31 -in millions - unaudited,,,,,,,,,,2021.0,,,,,
three months ended march 31 net earnings,,,,,,,,,,1293.0,,,,,
other comprehensive income -loss before income taxes: unrealized foreign currency translation gains -losses during    period,,,,,,,,,,-581.0,,,,,
unrealized gains -losses on fixed maturity securities: unrealized holding gains -losses on fixed maturity securities    during period,,,,,,,,,,-2003.0,,,,,
unrealized gains -losses on fixed maturity securities: reclassification adjustment for -gains losses on    fixed maturity securities included in net earnings,,,,,,,,,,20.0,,,,,
unrealized gains -losses on fixed maturity securities: unrealized gains -losses on derivatives during period,,,,,,,,,,0.0,,,,,
unrealized gains -losses on fixed maturity securities: pension liability adjustment during period,,,,,,,,,,5.0,,,,,
unrealized gains -losses on fixed maturity securities: total other comprehensive income -loss before income taxes,,,,,,,,,,-2559.0,,,,,
unrealized gains -losses on fixed maturity securities: income tax expense -benefit related to items of other comprehensive    income -loss,,,,,,,,,,-432.0,,,,,
unrealized gains -losses on fixed maturity securities: other comprehensive income -loss net of income taxes,,,,,,,,,,-2127.0,,,,,
unrealized gains -losses on fixed maturity securities: total comprehensive income -loss,,,,,,,,,,-834.0,,,,,
unrealized gains -losses on fixed maturity securities: see the accompanying notes to the consolidated financial statements.,,,,,,,,,,2.0,,,,,
revenues: net premiums principally supplemental health insurance,,,,,,,,,,,4623.0,,,,
revenues: net investment income,,,,,,,,,,,896.0,,,,
revenues: net investment gains -losses,,,,,,,,,,,108.0,,,,
revenues: other income -loss,,,,,,,,,,,38.0,,,,
revenues: total revenues,,,,,,,,,,,5665.0,,,,
benefits and expenses: benefits and claims net,,,,,,,,,,,2985.0,,,,
acquisition and operating expenses: amortization of deferred policy acquisition costs,,,,,,,,,,,292.0,,,,
acquisition and operating expenses: insurance commissions,,,,,,,,,,,325.0,,,,
acquisition and operating expenses: insurance and other expenses,,,,,,,,,,,847.0,,,,
acquisition and operating expenses: interest expense,,,,,,,,,,,63.0,,,,
acquisition and operating expenses: total acquisition and operating expenses,,,,,,,,,,,1527.0,,,,
acquisition and operating expenses: total benefits and expenses,,,,,,,,,,,4512.0,,,,
acquisition and operating expenses: earnings before income taxes,,,,,,,,,,,1153.0,,,,
acquisition and operating expenses: income taxes,,,,,,,,,,,-1303.0,,,,
acquisition and operating expenses: net earnings,,,,,,,,,,,2456.0,,,,
net earnings per share: basic,,,,,,,,,,,3.45,,,,
net earnings per share: diluted,,,,,,,,,,,3.44,,,,
weighted-average outstanding common shares used in   computing earnings per share -in thousands: basic,,,,,,,,,,,711698.0,,,,
weighted-average outstanding common shares used in   computing earnings per share -in thousands: diluted,,,,,,,,,,,713793.0,,,,
weighted-average outstanding common shares used in   computing earnings per share -in thousands: cash dividends per share,,,,,,,,,,,0.28,,,,
includes expense of $15 for the early extinguishment of debt see the accompanying notes to the consolidated financial statements.,,,,,,,,,,,1.0,,,,
nine months ended september 30 -in millions - unaudited,,,,,,,,,,,2020.0,,,,
nine months ended september 30 net earnings,,,,,,,,,,,2456.0,,,,
other comprehensive income -loss before income taxes: unrealized foreign currency translation gains -losses during    period,,,,,,,,,,,172.0,,,,
unrealized gains -losses on fixed maturity securities: unrealized holding gains -losses on fixed maturity securities    during period,,,,,,,,,,,1420.0,,,,
unrealized gains -losses on fixed maturity securities: reclassification adjustment for -gains losses on    fixed maturity securities included in net earnings,,,,,,,,,,,-13.0,,,,
unrealized gains -losses on fixed maturity securities: unrealized gains -losses on derivatives during period,,,,,,,,,,,2.0,,,,
unrealized gains -losses on fixed maturity securities: pension liability adjustment during period,,,,,,,,,,,1.0,,,,
unrealized gains -losses on fixed maturity securities: total other comprehensive income -loss before income taxes,,,,,,,,,,,1580.0,,,,
unrealized gains -losses on fixed maturity securities: income tax expense -benefit related to items of other comprehensive    income -loss,,,,,,,,,,,413.0,,,,
unrealized gains -losses on fixed maturity securities: other comprehensive income -loss net of income taxes,,,,,,,,,,,1167.0,,,,
unrealized gains -losses on fixed maturity securities: total comprehensive income -loss,,,,,,,,,,,3623.0,,,,
unrealized gains -losses on fixed maturity securities: see the accompanying notes to the consolidated financial statements.,,,,,,,,,,,2.0,,,,
revenues: net premiums principally supplemental health insurance,,,,,,,,,,,,4664.0,,,
revenues: net investment income,,,,,,,,,,,,870.0,,,
revenues: net investment gains -losses,,,,,,,,,,,,-170.0,,,
revenues: ,,,,,,,,,,,,-66.0,,,
revenues: ,,,,,,,,,,,,-633.0,,,
revenues: ,,,,,,,,,,,,5.0,,,
revenues: other income -loss,,,,,,,,,,,,43.0,,,
revenues: total revenues,,,,,,,,,,,,5407.0,,,
benefits and expenses: benefits and claims net,,,,,,,,,,,,2897.0,,,
acquisition and operating expenses: amortization of deferred policy acquisition costs,,,,,,,,,,,,289.0,,,
acquisition and operating expenses: insurance commissions,,,,,,,,,,,,332.0,,,
acquisition and operating expenses: insurance and other expenses,,,,,,,,,,,,756.0,,,
acquisition and operating expenses: interest expense,,,,,,,,,,,,63.0,,,
acquisition and operating expenses: total acquisition and operating expenses,,,,,,,,,,,,1440.0,,,
acquisition and operating expenses: total benefits and expenses,,,,,,,,,,,,4337.0,,,
acquisition and operating expenses: earnings before income taxes,,,,,,,,,,,,1070.0,,,
acquisition and operating expenses: income taxes,,,,,,,,,,,,265.0,,,
acquisition and operating expenses: net earnings,,,,,,,,,,,,805.0,,,
net earnings per share: basic,,,,,,,,,,,,1.12,,,
net earnings per share: diluted,,,,,,,,,,,,1.12,,,
weighted-average outstanding common shares used in   computing earnings per share -in thousands: basic,,,,,,,,,,,,717889.0,,,
weighted-average outstanding common shares used in   computing earnings per share -in thousands: diluted,,,,,,,,,,,,719764.0,,,
weighted-average outstanding common shares used in   computing earnings per share -in thousands: cash dividends per share,,,,,,,,,,,,0.28,,,
for the early extinguishment of debt see the accompanying notes to the consolidated financial statements.,,,,,,,,,,,,1.0,,,
six months ended june 30 -in millions - unaudited,,,,,,,,,,,,2020.0,,,
six months ended june 30 net earnings,,,,,,,,,,,,805.0,,,
other comprehensive income -loss before income taxes: unrealized foreign currency translation gains -losses during    period,,,,,,,,,,,,73.0,,,
unrealized gains -losses on fixed maturity securities: unrealized holding gains -losses on fixed maturity securities    during period,,,,,,,,,,,,3274.0,,,
unrealized gains -losses on fixed maturity securities: ,,,,,,,,,,,,5242.0,,,
unrealized gains -losses on fixed maturity securities: reclassification adjustment for -gains losses on    fixed maturity securities included in net earnings,,,,,,,,,,,,75.0,,,
unrealized gains -losses on fixed maturity securities: ,,,,,,,,,,,,145.0,,,
 unrealized gains -losses on derivatives during period,,,,,,,,,,,,-1.0,,,
 ,,,,,,,,,,,,-1.0,,,
 ,,,,,,,,,,,,-5.0,,,
 ,,,,,,,,,,,,-4.0,,,
 pension liability adjustment during period,,,,,,,,,,,,0.0,,,
 ,,,,,,,,,,,,0.0,,,
 total other comprehensive income -loss before income taxes,,,,,,,,,,,,3421.0,,,
 ,,,,,,,,,,,,5616.0,,,
 income tax expense -benefit related to items of other comprehensive    income -loss,,,,,,,,,,,,859.0,,,
 ,,,,,,,,,,,,1403.0,,,
 other comprehensive income -loss net of income taxes,,,,,,,,,,,,2562.0,,,
 ,,,,,,,,,,,,4213.0,,,
 total comprehensive income -loss,,,,,,,,,,,,3367.0,,,
 see the accompanying notes to the consolidated financial statements.,,,,,,,,,,,,2.0,,,
revenues: net premiums principally supplemental health insurance,,,,,,,,,,,,,4681.0,,
revenues: net investment income,,,,,,,,,,,,,904.0,,
revenues: net investment gains -losses,,,,,,,,,,,,,-463.0,,
revenues: ,,,,,,,,,,,,,71.0,,
revenues: other income -loss,,,,,,,,,,,,,40.0,,
revenues: total revenues,,,,,,,,,,,,,5162.0,,
benefits and expenses: benefits and claims net,,,,,,,,,,,,,2939.0,,
acquisition and operating expenses: amortization of deferred policy acquisition costs,,,,,,,,,,,,,333.0,,
acquisition and operating expenses: insurance commissions,,,,,,,,,,,,,336.0,,
acquisition and operating expenses: insurance and other expenses,,,,,,,,,,,,,779.0,,
acquisition and operating expenses: interest expense,,,,,,,,,,,,,55.0,,
acquisition and operating expenses: total acquisition and operating expenses,,,,,,,,,,,,,1503.0,,
acquisition and operating expenses: total benefits and expenses,,,,,,,,,,,,,4442.0,,
acquisition and operating expenses: earnings before income taxes,,,,,,,,,,,,,720.0,,
acquisition and operating expenses: income taxes,,,,,,,,,,,,,154.0,,
acquisition and operating expenses: net earnings,,,,,,,,,,,,,566.0,,
net earnings per share: basic,,,,,,,,,,,,,0.78,,
net earnings per share: diluted,,,,,,,,,,,,,0.78,,
weighted-average outstanding common shares used in   computing earnings per share -in thousands: basic,,,,,,,,,,,,,724366.0,,
weighted-average outstanding common shares used in   computing earnings per share -in thousands: diluted,,,,,,,,,,,,,727512.0,,
weighted-average outstanding common shares used in   computing earnings per share -in thousands: cash dividends per share,,,,,,,,,,,,,0.28,,
in 2020 for the early extinguishment of debt see the accompanying notes to the consolidated financial statements.,,,,,,,,,,,,,1.0,,
three months ended march 31 -in millions - unaudited,,,,,,,,,,,,,2020.0,,
three months ended march 31 net earnings,,,,,,,,,,,,,566.0,,
other comprehensive income -loss before income taxes: unrealized foreign currency translation gains -losses during    period,,,,,,,,,,,,,85.0,,
unrealized gains -losses on fixed maturity securities: unrealized holding gains -losses on fixed maturity securities    during period,,,,,,,,,,,,,-4605.0,,
unrealized gains -losses on fixed maturity securities: ,,,,,,,,,,,,,3196.0,,
unrealized gains -losses on fixed maturity securities: reclassification adjustment for -gains losses on    fixed maturity securities included in net earnings,,,,,,,,,,,,,7.0,,
 unrealized gains -losses on derivatives during period,,,,,,,,,,,,,-4.0,,
 ,,,,,,,,,,,,,-3.0,,
 pension liability adjustment during period,,,,,,,,,,,,,0.0,,
 total other comprehensive income -loss before income taxes,,,,,,,,,,,,,-4517.0,,
 ,,,,,,,,,,,,,3182.0,,
 income tax expense -benefit related to items of other comprehensive    income -loss,,,,,,,,,,,,,-1242.0,,
 ,,,,,,,,,,,,,852.0,,
 other comprehensive income -loss net of income taxes,,,,,,,,,,,,,-3275.0,,
 ,,,,,,,,,,,,,2330.0,,
 total comprehensive income -loss,,,,,,,,,,,,,-2709.0,,
 ,,,,,,,,,,,,,3258.0,,
 see the accompanying notes to the consolidated financial statements.,,,,,,,,,,,,,2.0,,
revenues: net premiums principally supplemental health insurance,,,,,,,,,,,,,,4736.0,
revenues: net investment income,,,,,,,,,,,,,,936.0,
realized investment gains -losses: other-than-temporary impairment losses realized and loan loss reserves,,,,,,,,,,,,,,-18.0,
realized investment gains -losses: ,,,,,,,,,,,,,,-5.0,
realized investment gains -losses: ,,,,,,,,,,,,,,-21.0,
realized investment gains -losses: ,,,,,,,,,,,,,,-17.0,
 other gains -losses,,,,,,,,,,,,,,-135.0,
 ,,,,,,,,,,,,,,61.0,
 ,,,,,,,,,,,,,,-59.0,
 total realized investment gains -losses,,,,,,,,,,,,,,-153.0,
 ,,,,,,,,,,,,,,56.0,
 ,,,,,,,,,,,,,,-76.0,
 other income -loss,,,,,,,,,,,,,,17.0,
 total revenues,,,,,,,,,,,,,,5536.0,
benefits and expenses: benefits and claims net,,,,,,,,,,,,,,3027.0,
acquisition and operating expenses: amortization of deferred policy acquisition costs,,,,,,,,,,,,,,317.0,
acquisition and operating expenses: insurance commissions,,,,,,,,,,,,,,330.0,
acquisition and operating expenses: insurance and other expenses,,,,,,,,,,,,,,769.0,
acquisition and operating expenses: interest expense,,,,,,,,,,,,,,57.0,
acquisition and operating expenses: total acquisition and operating expenses,,,,,,,,,,,,,,1473.0,
acquisition and operating expenses: total benefits and expenses,,,,,,,,,,,,,,4500.0,
acquisition and operating expenses: earnings before income taxes,,,,,,,,,,,,,,1036.0,
acquisition and operating expenses: income taxes,,,,,,,,,,,,,,259.0,
acquisition and operating expenses: net earnings,,,,,,,,,,,,,,777.0,
net earnings per share: basic,,,,,,,,,,,,,,1.05,
net earnings per share: diluted,,,,,,,,,,,,,,1.04,
weighted-average outstanding common shares used in   computing earnings per share -in thousands: basic,,,,,,,,,,,,,,739946.0,
weighted-average outstanding common shares used in   computing earnings per share -in thousands: diluted,,,,,,,,,,,,,,743842.0,
weighted-average outstanding common shares used in   computing earnings per share -in thousands: cash dividends per share,,,,,,,,,,,,,,0.27,
weighted-average outstanding common shares used in   computing earnings per share -in thousands: see the accompanying notes to the consolidated financial statements.,,,,,,,,,,,,,,3.0,
nine months ended september 30 -in millions - unaudited,,,,,,,,,,,,,,2019.0,
nine months ended september 30 net earnings,,,,,,,,,,,,,,777.0,
other comprehensive income -loss before income taxes: unrealized foreign currency translation gains -losses during    period,,,,,,,,,,,,,,-22.0,
other comprehensive income -loss before income taxes: ,,,,,,,,,,,,,,-383.0,
other comprehensive income -loss before income taxes: ,,,,,,,,,,,,,,393.0,
unrealized gains -losses on fixed maturity securities: unrealized holding gains -losses on fixed maturity securities    during period,,,,,,,,,,,,,,1185.0,
unrealized gains -losses on fixed maturity securities: ,,,,,,,,,,,,,,6427.0,
 reclassification adjustment for realized -gains losses on    fixed maturity securities included in net earnings,,,,,,,,,,,,,,41.0,
 ,,,,,,,,,,,,,,-1.0,
 ,,,,,,,,,,,,,,-11.0,
 unrealized gains -losses on derivatives during period,,,,,,,,,,,,,,-8.0,
 ,,,,,,,,,,,,,,-2.0,
 ,,,,,,,,,,,,,,-12.0,
 ,,,,,,,,,,,,,,2.0,
 pension liability adjustment during period,,,,,,,,,,,,,,1.0,
 total other comprehensive income -loss before income taxes,,,,,,,,,,,,,,1197.0,
 ,,,,,,,,,,,,,,6812.0,
 income tax expense -benefit related to items of other comprehensive    income -loss,,,,,,,,,,,,,,310.0,
 ,,,,,,,,,,,,,,1712.0,
 other comprehensive income -loss net of income taxes,,,,,,,,,,,,,,887.0,
 ,,,,,,,,,,,,,,5100.0,
 total comprehensive income -loss,,,,,,,,,,,,,,1664.0,
 ,,,,,,,,,,,,,,7623.0,
 see the accompanying notes to the consolidated financial statements.,,,,,,,,,,,,,,4.0,
revenues: net premiums principally supplemental health insurance,,,,,,,,,,,,,,,4681.0
revenues: net investment income,,,,,,,,,,,,,,,878.0
realized investment gains -losses: other-than-temporary impairment losses realized and loan loss reserves,,,,,,,,,,,,,,,-2.0
realized investment gains -losses: ,,,,,,,,,,,,,,,-5.0
realized investment gains -losses: ,,,,,,,,,,,,,,,-4.0
realized investment gains -losses: ,,,,,,,,,,,,,,,-12.0
 other gains -losses,,,,,,,,,,,,,,,-64.0
 ,,,,,,,,,,,,,,,8.0
 total realized investment gains -losses,,,,,,,,,,,,,,,-66.0
 ,,,,,,,,,,,,,,,3.0
 other income -loss,,,,,,,,,,,,,,,18.0
 total revenues,,,,,,,,,,,,,,,5511.0
benefits and expenses: benefits and claims net,,,,,,,,,,,,,,,2964.0
acquisition and operating expenses: amortization of deferred policy acquisition costs,,,,,,,,,,,,,,,309.0
acquisition and operating expenses: insurance commissions,,,,,,,,,,,,,,,329.0
acquisition and operating expenses: insurance and other expenses,,,,,,,,,,,,,,,743.0
acquisition and operating expenses: interest expense,,,,,,,,,,,,,,,57.0
acquisition and operating expenses: total acquisition and operating expenses,,,,,,,,,,,,,,,1438.0
acquisition and operating expenses: total benefits and expenses,,,,,,,,,,,,,,,4402.0
acquisition and operating expenses: earnings before income taxes,,,,,,,,,,,,,,,1109.0
acquisition and operating expenses: income taxes,,,,,,,,,,,,,,,292.0
acquisition and operating expenses: net earnings,,,,,,,,,,,,,,,817.0
net earnings per share: basic,,,,,,,,,,,,,,,1.1
net earnings per share: diluted,,,,,,,,,,,,,,,1.09
weighted-average outstanding common shares used in   computing earnings per share -in thousands: basic,,,,,,,,,,,,,,,745153.0
weighted-average outstanding common shares used in   computing earnings per share -in thousands: diluted,,,,,,,,,,,,,,,748849.0
weighted-average outstanding common shares used in   computing earnings per share -in thousands: cash dividends per share,,,,,,,,,,,,,,,0.27
weighted-average outstanding common shares used in   computing earnings per share -in thousands: see the accompanying notes to the consolidated financial statements.,,,,,,,,,,,,,,,3.0
six months ended june 30 -in millions - unaudited,,,,,,,,,,,,,,,2019.0
six months ended june 30 net earnings,,,,,,,,,,,,,,,817.0
other comprehensive income -loss before income taxes: unrealized foreign currency translation gains -losses during    period,,,,,,,,,,,,,,,417.0
other comprehensive income -loss before income taxes: ,,,,,,,,,,,,,,,416.0
unrealized gains -losses on fixed maturity securities: unrealized holding gains -losses on fixed maturity securities    during period,,,,,,,,,,,,,,,2046.0
unrealized gains -losses on fixed maturity securities: ,,,,,,,,,,,,,,,5242.0
 reclassification adjustment for realized -gains losses on    fixed maturity securities included in net earnings,,,,,,,,,,,,,,,-25.0
 ,,,,,,,,,,,,,,,28.0
 ,,,,,,,,,,,,,,,26.0
 unrealized gains -losses on derivatives during period,,,,,,,,,,,,,,,-1.0
 ,,,,,,,,,,,,,,,-2.0
 ,,,,,,,,,,,,,,,-4.0
 ,,,,,,,,,,,,,,,4.0
 pension liability adjustment during period,,,,,,,,,,,,,,,-2.0
 ,,,,,,,,,,,,,,,2.0
 total other comprehensive income -loss before income taxes,,,,,,,,,,,,,,,2435.0
 ,,,,,,,,,,,,,,,5616.0
 income tax expense -benefit related to items of other comprehensive    income -loss,,,,,,,,,,,,,,,552.0
 ,,,,,,,,,,,,,,,1403.0
 other comprehensive income -loss net of income taxes,,,,,,,,,,,,,,,1883.0
 ,,,,,,,,,,,,,,,4213.0
 total comprehensive income -loss,,,,,,,,,,,,,,,2700.0
 ,,,,,,,,,,,,,,,5958.0
 see the accompanying notes to the consolidated financial statements.,,,,,,,,,,,,,,,4.0
